INSERT INTO user_app (id, password, role)
VALUES ('admin@gmail.com', '$2a$10$hZWJKAQNadyewKCKck5.dOx41N0DXCazcljxwmn8JLj1WhM/BoviW', 'ADMIN');

INSERT INTO bank (id, name) VALUES ('002', 'Bank BRI');
INSERT INTO bank (id, name) VALUES ('003', 'Bank Ekspor Indonesia');
INSERT INTO bank (id, name) VALUES ('008', 'Bank Mandiri');
INSERT INTO bank (id, name) VALUES ('009', 'Bank BNI');
INSERT INTO bank (id, name) VALUES ('011', 'Bank Danamon');
INSERT INTO bank (id, name) VALUES ('013', 'Permata Bank');
INSERT INTO bank (id, name) VALUES ('014', 'Bank BCA');
INSERT INTO bank (id, name) VALUES ('016', 'Bank BII Maybank');
INSERT INTO bank (id, name) VALUES ('019', 'Bank Panin');
INSERT INTO bank (id, name) VALUES ('020', 'Bank Arta Niaga Kencana');
INSERT INTO bank (id, name) VALUES ('022', 'Bank CIMB Niaga, Bank CIMB Niaga Syariah');
INSERT INTO bank (id, name) VALUES ('023', 'Bank UOB Indonesia');
INSERT INTO bank (id, name) VALUES ('028', 'Bank OCBC NISP');
INSERT INTO bank (id, name) VALUES ('030', 'American Express Bank LTD');
INSERT INTO bank (id, name) VALUES ('031', 'Citibank');
INSERT INTO bank (id, name) VALUES ('032', 'JP. Morgan Chase Bank, N.A');
INSERT INTO bank (id, name) VALUES ('033', 'Bank of America, N.A');
INSERT INTO bank (id, name) VALUES ('034', 'ING Indonesia Bank');
INSERT INTO bank (id, name) VALUES ('036', 'China Construction Bank Indonesia');
INSERT INTO bank (id, name) VALUES ('037', 'Bank Artha Graha Internasional');
INSERT INTO bank (id, name) VALUES ('039', 'Bank Credit Agricole Indosuez');
INSERT INTO bank (id, name) VALUES ('040', 'The Bangkok Bank Comp. LTD');
INSERT INTO bank (id, name) VALUES ('041', 'The Hongkong & Shanghai B.C. (Bank HSBC)');
INSERT INTO bank (id, name) VALUES ('042', 'The Bank of Tokyo Mitsubishi UFJ LTD');
INSERT INTO bank (id, name) VALUES ('046', 'Bank DBS Indonesia');
INSERT INTO bank (id, name) VALUES ('047', 'Bank Resona Perdania');
INSERT INTO bank (id, name) VALUES ('048', 'Bank Mizuho Indonesia');
INSERT INTO bank (id, name) VALUES ('050', 'Standard Chartered Bank');
INSERT INTO bank (id, name) VALUES ('053', 'Bank Keppel Tatlee Buana');
INSERT INTO bank (id, name) VALUES ('054', 'Bank Capital Indonesia');
INSERT INTO bank (id, name) VALUES ('057', 'Bank BNP Paribas Indonesia');
INSERT INTO bank (id, name) VALUES ('059', 'Korea Exchange Bank Danamon');
INSERT INTO bank (id, name) VALUES ('061', 'Bank ANZ Indonesia');
INSERT INTO bank (id, name) VALUES ('067', 'Deutsche Bank AG.');
INSERT INTO bank (id, name) VALUES ('069', 'Bank Of China');
INSERT INTO bank (id, name) VALUES ('076', 'Bank Bumi Arta');
INSERT INTO bank (id, name) VALUES ('087', 'Bank Ekonomi');
INSERT INTO bank (id, name) VALUES ('095', 'Bank JTRUST');
INSERT INTO bank (id, name) VALUES ('097', 'Bank Mayapada');
INSERT INTO bank (id, name) VALUES ('110', 'Bank Jabar dan Banten (BJB)');
INSERT INTO bank (id, name) VALUES ('111', 'Bank DKI');
INSERT INTO bank (id, name) VALUES ('112', 'BPD DIY');
INSERT INTO bank (id, name) VALUES ('113', 'Bank Jateng');
INSERT INTO bank (id, name) VALUES ('114', 'Bank Jatim');
INSERT INTO bank (id, name) VALUES ('115', 'BPD Jambi');
INSERT INTO bank (id, name) VALUES ('116', 'BPD Aceh, BPD Aceh Syariah');
INSERT INTO bank (id, name) VALUES ('117', 'Bank Sumut');
INSERT INTO bank (id, name) VALUES ('118', 'Bank Nagari');
INSERT INTO bank (id, name) VALUES ('119', 'Bank Riau');
INSERT INTO bank (id, name) VALUES ('120', 'Bank Sumsel Babel');
INSERT INTO bank (id, name) VALUES ('121', 'Bank Lampung');
INSERT INTO bank (id, name) VALUES ('122', 'Bank Kalsel (Kalimantan Selatan)');
INSERT INTO bank (id, name) VALUES ('123', 'Bank Kalbar (Kalimantan Barat)');
INSERT INTO bank (id, name) VALUES ('124', 'Bank Kaltimtara (Kalimantan Timur dan Utara)');
INSERT INTO bank (id, name) VALUES ('125', 'Bank Kalteng (Kalimantan Tengah)');
INSERT INTO bank (id, name) VALUES ('126', 'Bank Sulselbar (Sulawesi Selatan dan Barat)');
INSERT INTO bank (id, name) VALUES ('127', 'Bank SulutGo (Sulawesi Utara dan Gorontalo)');
INSERT INTO bank (id, name) VALUES ('128', 'Bank NTB, NTB Syariah');
INSERT INTO bank (id, name) VALUES ('129', 'BPD Bali');
INSERT INTO bank (id, name) VALUES ('130', 'Bank NTT');
INSERT INTO bank (id, name) VALUES ('131', 'Bank Maluku Malut');
INSERT INTO bank (id, name) VALUES ('132', 'Bank Papua');
INSERT INTO bank (id, name) VALUES ('133', 'Bank Bengkulu');
INSERT INTO bank (id, name) VALUES ('134', 'Bank Sulteng (Sulawesi Tengah)');
INSERT INTO bank (id, name) VALUES ('135', 'Bank Sultra');
INSERT INTO bank (id, name) VALUES ('145', 'Bank Nusantara Parahyangan');
INSERT INTO bank (id, name) VALUES ('146', 'Bank of India Indonesia');
INSERT INTO bank (id, name) VALUES ('147', 'Bank Muamalat');
INSERT INTO bank (id, name) VALUES ('151', 'Bank Mestika Dharma');
INSERT INTO bank (id, name) VALUES ('152', 'Bank Metro Express (Bank Shinhan Indonesia)');
INSERT INTO bank (id, name) VALUES ('153', 'Bank Sinarmas');
INSERT INTO bank (id, name) VALUES ('157', 'Bank Maspion Indonesia');
INSERT INTO bank (id, name) VALUES ('161', 'Bank Ganesha');
INSERT INTO bank (id, name) VALUES ('162', 'Bank Windu Kentjana');
INSERT INTO bank (id, name) VALUES ('164', 'Halim Indonesia Bank (Bank ICBC Indonesia)');
INSERT INTO bank (id, name) VALUES ('166', 'Bank Harmoni International');
INSERT INTO bank (id, name) VALUES ('167', 'Bank QNB Kesawan (Bank QNB Indonesia)');
INSERT INTO bank (id, name) VALUES ('200', 'Bank Tabungan Negara (BTN)');
INSERT INTO bank (id, name) VALUES ('212', 'Bank Woori Saudara');
INSERT INTO bank (id, name) VALUES ('213', 'Bank Tabungan Pensiunan Nasional (BTPN), JENIUS');
INSERT INTO bank (id, name) VALUES ('405', 'Bank Swaguna');
INSERT INTO bank (id, name) VALUES ('422', 'Bank Syariah Indonesia (eks BRI Syariah)*');
INSERT INTO bank (id, name) VALUES ('425', 'Bank BJB Syariah');
INSERT INTO bank (id, name) VALUES ('426', 'Bank Mega');
INSERT INTO bank (id, name) VALUES ('427', 'Bank Syariah Indonesia (eks BNI Syariah)*');
INSERT INTO bank (id, name) VALUES ('441', 'Bank Bukopin');
INSERT INTO bank (id, name) VALUES ('451', 'Bank Syariah Indonesia (eks Mandiri Syariah)*');
INSERT INTO bank (id, name) VALUES ('459', 'Bank Bisnis Internasional');
INSERT INTO bank (id, name) VALUES ('466', 'Bank Sri Partha');
INSERT INTO bank (id, name) VALUES ('472', 'Bank Jasa Jakarta');
INSERT INTO bank (id, name) VALUES ('484', 'Bank Bintang Manunggal');
INSERT INTO bank (id, name) VALUES ('485', 'Bank Bumiputera (Bank MNC)');
INSERT INTO bank (id, name) VALUES ('490', 'Bank Yudha Bhakti');
INSERT INTO bank (id, name) VALUES ('494', 'Bank BRI Agro');
INSERT INTO bank (id, name) VALUES ('498', 'Bank Indomonex (Bank SBI Indonesia)');
INSERT INTO bank (id, name) VALUES ('501', 'Bank Royal Indonesia');
INSERT INTO bank (id, name) VALUES ('503', 'Bank Alfindo (Bank National Nobu)');
INSERT INTO bank (id, name) VALUES ('506', 'Bank Syariah Mega');
INSERT INTO bank (id, name) VALUES ('513', 'Bank Ina Perdana');
INSERT INTO bank (id, name) VALUES ('517', 'Bank Harfa');
INSERT INTO bank (id, name) VALUES ('520', 'Prima Master Bank');
INSERT INTO bank (id, name) VALUES ('521', 'Bank Persyarikatan Indonesia');
INSERT INTO bank (id, name) VALUES ('523', 'Bank Dipo International (Bank Sahabat Sampoerna)');
INSERT INTO bank (id, name) VALUES ('525', 'Bank Akita');
INSERT INTO bank (id, name) VALUES ('526', 'Liman International Bank');
INSERT INTO bank (id, name) VALUES ('531', 'Anglomas Internasional Bank');
INSERT INTO bank (id, name) VALUES ('535', 'Bank Kesejahteraan Ekonomi');
INSERT INTO bank (id, name) VALUES ('536', 'Bank BCA Syariah');
INSERT INTO bank (id, name) VALUES ('542', 'Bank Artos IND');
INSERT INTO bank (id, name) VALUES ('547', 'Bank Purba Danarta');
INSERT INTO bank (id, name) VALUES ('548', 'Bank Multi Arta Sentosa');
INSERT INTO bank (id, name) VALUES ('553', 'Bank Mayora Indonesia');
INSERT INTO bank (id, name) VALUES ('555', 'Bank Index Selindo');
INSERT INTO bank (id, name) VALUES ('559', 'Centratama Nasional Bank');
INSERT INTO bank (id, name) VALUES ('562', 'Bank Fama Internasional');
INSERT INTO bank (id, name) VALUES ('564', 'Bank Mandiri Taspen Pos');
INSERT INTO bank (id, name) VALUES ('566', 'Bank Victoria International');
INSERT INTO bank (id, name) VALUES ('567', 'Bank Harda');
INSERT INTO bank (id, name) VALUES ('688', 'BPR KS');
INSERT INTO bank (id, name) VALUES ('945', 'Bank Agris');
INSERT INTO bank (id, name) VALUES ('946', 'Bank Merincorp');
INSERT INTO bank (id, name) VALUES ('947', 'Bank Maybank Indocorp');
INSERT INTO bank (id, name) VALUES ('949', 'Bank CTBC (China Trust) Indonesia');
INSERT INTO bank (id, name) VALUES ('950', 'Bank Commonwealth');

INSERT INTO account (id, bank_id, name, balance) VALUES ('002000001', '002', 'LuwidSend', 10000000);
INSERT INTO account (id, bank_id, name, balance) VALUES ('003000001', '003', 'LuwidSend', 10000000);
INSERT INTO account (id, bank_id, name, balance) VALUES ('008000001', '008', 'LuwidSend', 10000000);
INSERT INTO account (id, bank_id, name, balance) VALUES ('009000001', '009', 'LuwidSend', 10000000);
INSERT INTO account (id, bank_id, name, balance) VALUES ('011000001', '011', 'LuwidSend', 10000000);
INSERT INTO account (id, bank_id, name, balance) VALUES ('013000001', '013', 'LuwidSend', 10000000);
INSERT INTO account (id, bank_id, name, balance) VALUES ('014000001', '014', 'LuwidSend', 10000000);
INSERT INTO account (id, bank_id, name, balance) VALUES ('016000001', '016', 'LuwidSend', 10000000);
INSERT INTO account (id, bank_id, name, balance) VALUES ('019000001', '019', 'LuwidSend', 10000000);
INSERT INTO account (id, bank_id, name, balance) VALUES ('020000001', '020', 'LuwidSend', 10000000);
INSERT INTO account (id, bank_id, name, balance) VALUES ('022000001', '022', 'LuwidSend', 10000000);
INSERT INTO account (id, bank_id, name, balance) VALUES ('023000001', '023', 'LuwidSend', 10000000);
INSERT INTO account (id, bank_id, name, balance) VALUES ('028000001', '028', 'LuwidSend', 10000000);
INSERT INTO account (id, bank_id, name, balance) VALUES ('030000001', '030', 'LuwidSend', 10000000);
INSERT INTO account (id, bank_id, name, balance) VALUES ('031000001', '031', 'LuwidSend', 10000000);
INSERT INTO account (id, bank_id, name, balance) VALUES ('032000001', '032', 'LuwidSend', 10000000);
INSERT INTO account (id, bank_id, name, balance) VALUES ('033000001', '033', 'LuwidSend', 10000000);
INSERT INTO account (id, bank_id, name, balance) VALUES ('034000001', '034', 'LuwidSend', 10000000);
INSERT INTO account (id, bank_id, name, balance) VALUES ('036000001', '036', 'LuwidSend', 10000000);
INSERT INTO account (id, bank_id, name, balance) VALUES ('037000001', '037', 'LuwidSend', 10000000);
INSERT INTO account (id, bank_id, name, balance) VALUES ('039000001', '039', 'LuwidSend', 10000000);
INSERT INTO account (id, bank_id, name, balance) VALUES ('040000001', '040', 'LuwidSend', 10000000);
INSERT INTO account (id, bank_id, name, balance) VALUES ('041000001', '041', 'LuwidSend', 10000000);
INSERT INTO account (id, bank_id, name, balance) VALUES ('042000001', '042', 'LuwidSend', 10000000);
INSERT INTO account (id, bank_id, name, balance) VALUES ('046000001', '046', 'LuwidSend', 10000000);
INSERT INTO account (id, bank_id, name, balance) VALUES ('047000001', '047', 'LuwidSend', 10000000);
INSERT INTO account (id, bank_id, name, balance) VALUES ('048000001', '048', 'LuwidSend', 10000000);
INSERT INTO account (id, bank_id, name, balance) VALUES ('050000001', '050', 'LuwidSend', 10000000);
INSERT INTO account (id, bank_id, name, balance) VALUES ('053000001', '053', 'LuwidSend', 10000000);
INSERT INTO account (id, bank_id, name, balance) VALUES ('054000001', '054', 'LuwidSend', 10000000);
INSERT INTO account (id, bank_id, name, balance) VALUES ('057000001', '057', 'LuwidSend', 10000000);
INSERT INTO account (id, bank_id, name, balance) VALUES ('059000001', '059', 'LuwidSend', 10000000);
INSERT INTO account (id, bank_id, name, balance) VALUES ('061000001', '061', 'LuwidSend', 10000000);
INSERT INTO account (id, bank_id, name, balance) VALUES ('067000001', '067', 'LuwidSend', 10000000);
INSERT INTO account (id, bank_id, name, balance) VALUES ('069000001', '069', 'LuwidSend', 10000000);
INSERT INTO account (id, bank_id, name, balance) VALUES ('076000001', '076', 'LuwidSend', 10000000);
INSERT INTO account (id, bank_id, name, balance) VALUES ('087000001', '087', 'LuwidSend', 10000000);
INSERT INTO account (id, bank_id, name, balance) VALUES ('095000001', '095', 'LuwidSend', 10000000);
INSERT INTO account (id, bank_id, name, balance) VALUES ('097000001', '097', 'LuwidSend', 10000000);
INSERT INTO account (id, bank_id, name, balance) VALUES ('110000001', '110', 'LuwidSend', 10000000);
INSERT INTO account (id, bank_id, name, balance) VALUES ('111000001', '111', 'LuwidSend', 10000000);
INSERT INTO account (id, bank_id, name, balance) VALUES ('112000001', '112', 'LuwidSend', 10000000);
INSERT INTO account (id, bank_id, name, balance) VALUES ('113000001', '113', 'LuwidSend', 10000000);
INSERT INTO account (id, bank_id, name, balance) VALUES ('114000001', '114', 'LuwidSend', 10000000);
INSERT INTO account (id, bank_id, name, balance) VALUES ('115000001', '115', 'LuwidSend', 10000000);
INSERT INTO account (id, bank_id, name, balance) VALUES ('116000001', '116', 'LuwidSend', 10000000);
INSERT INTO account (id, bank_id, name, balance) VALUES ('117000001', '117', 'LuwidSend', 10000000);
INSERT INTO account (id, bank_id, name, balance) VALUES ('118000001', '118', 'LuwidSend', 10000000);
INSERT INTO account (id, bank_id, name, balance) VALUES ('119000001', '119', 'LuwidSend', 10000000);
INSERT INTO account (id, bank_id, name, balance) VALUES ('120000001', '120', 'LuwidSend', 10000000);
INSERT INTO account (id, bank_id, name, balance) VALUES ('121000001', '121', 'LuwidSend', 10000000);
INSERT INTO account (id, bank_id, name, balance) VALUES ('122000001', '122', 'LuwidSend', 10000000);
INSERT INTO account (id, bank_id, name, balance) VALUES ('123000001', '123', 'LuwidSend', 10000000);
INSERT INTO account (id, bank_id, name, balance) VALUES ('124000001', '124', 'LuwidSend', 10000000);
INSERT INTO account (id, bank_id, name, balance) VALUES ('125000001', '125', 'LuwidSend', 10000000);
INSERT INTO account (id, bank_id, name, balance) VALUES ('126000001', '126', 'LuwidSend', 10000000);
INSERT INTO account (id, bank_id, name, balance) VALUES ('127000001', '127', 'LuwidSend', 10000000);
INSERT INTO account (id, bank_id, name, balance) VALUES ('128000001', '128', 'LuwidSend', 10000000);
INSERT INTO account (id, bank_id, name, balance) VALUES ('129000001', '129', 'LuwidSend', 10000000);
INSERT INTO account (id, bank_id, name, balance) VALUES ('130000001', '130', 'LuwidSend', 10000000);
INSERT INTO account (id, bank_id, name, balance) VALUES ('131000001', '131', 'LuwidSend', 10000000);
INSERT INTO account (id, bank_id, name, balance) VALUES ('132000001', '132', 'LuwidSend', 10000000);
INSERT INTO account (id, bank_id, name, balance) VALUES ('133000001', '133', 'LuwidSend', 10000000);
INSERT INTO account (id, bank_id, name, balance) VALUES ('134000001', '134', 'LuwidSend', 10000000);
INSERT INTO account (id, bank_id, name, balance) VALUES ('135000001', '135', 'LuwidSend', 10000000);
INSERT INTO account (id, bank_id, name, balance) VALUES ('145000001', '145', 'LuwidSend', 10000000);
INSERT INTO account (id, bank_id, name, balance) VALUES ('146000001', '146', 'LuwidSend', 10000000);
INSERT INTO account (id, bank_id, name, balance) VALUES ('147000001', '147', 'LuwidSend', 10000000);
INSERT INTO account (id, bank_id, name, balance) VALUES ('151000001', '151', 'LuwidSend', 10000000);
INSERT INTO account (id, bank_id, name, balance) VALUES ('152000001', '152', 'LuwidSend', 10000000);
INSERT INTO account (id, bank_id, name, balance) VALUES ('153000001', '153', 'LuwidSend', 10000000);
INSERT INTO account (id, bank_id, name, balance) VALUES ('157000001', '157', 'LuwidSend', 10000000);
INSERT INTO account (id, bank_id, name, balance) VALUES ('161000001', '161', 'LuwidSend', 10000000);
INSERT INTO account (id, bank_id, name, balance) VALUES ('162000001', '162', 'LuwidSend', 10000000);
INSERT INTO account (id, bank_id, name, balance) VALUES ('164000001', '164', 'LuwidSend', 10000000);
INSERT INTO account (id, bank_id, name, balance) VALUES ('166000001', '166', 'LuwidSend', 10000000);
INSERT INTO account (id, bank_id, name, balance) VALUES ('167000001', '167', 'LuwidSend', 10000000);
INSERT INTO account (id, bank_id, name, balance) VALUES ('200000001', '200', 'LuwidSend', 10000000);
INSERT INTO account (id, bank_id, name, balance) VALUES ('212000001', '212', 'LuwidSend', 10000000);
INSERT INTO account (id, bank_id, name, balance) VALUES ('213000001', '213', 'LuwidSend', 10000000);
INSERT INTO account (id, bank_id, name, balance) VALUES ('405000001', '405', 'LuwidSend', 10000000);
INSERT INTO account (id, bank_id, name, balance) VALUES ('422000001', '422', 'LuwidSend', 10000000);
INSERT INTO account (id, bank_id, name, balance) VALUES ('425000001', '425', 'LuwidSend', 10000000);
INSERT INTO account (id, bank_id, name, balance) VALUES ('426000001', '426', 'LuwidSend', 10000000);
INSERT INTO account (id, bank_id, name, balance) VALUES ('427000001', '427', 'LuwidSend', 10000000);
INSERT INTO account (id, bank_id, name, balance) VALUES ('441000001', '441', 'LuwidSend', 10000000);
INSERT INTO account (id, bank_id, name, balance) VALUES ('451000001', '451', 'LuwidSend', 10000000);
INSERT INTO account (id, bank_id, name, balance) VALUES ('459000001', '459', 'LuwidSend', 10000000);
INSERT INTO account (id, bank_id, name, balance) VALUES ('466000001', '466', 'LuwidSend', 10000000);
INSERT INTO account (id, bank_id, name, balance) VALUES ('472000001', '472', 'LuwidSend', 10000000);
INSERT INTO account (id, bank_id, name, balance) VALUES ('484000001', '484', 'LuwidSend', 10000000);
INSERT INTO account (id, bank_id, name, balance) VALUES ('485000001', '485', 'LuwidSend', 10000000);
INSERT INTO account (id, bank_id, name, balance) VALUES ('490000001', '490', 'LuwidSend', 10000000);
INSERT INTO account (id, bank_id, name, balance) VALUES ('494000001', '494', 'LuwidSend', 10000000);
INSERT INTO account (id, bank_id, name, balance) VALUES ('498000001', '498', 'LuwidSend', 10000000);
INSERT INTO account (id, bank_id, name, balance) VALUES ('501000001', '501', 'LuwidSend', 10000000);
INSERT INTO account (id, bank_id, name, balance) VALUES ('503000001', '503', 'LuwidSend', 10000000);
INSERT INTO account (id, bank_id, name, balance) VALUES ('506000001', '506', 'LuwidSend', 10000000);
INSERT INTO account (id, bank_id, name, balance) VALUES ('513000001', '513', 'LuwidSend', 10000000);
INSERT INTO account (id, bank_id, name, balance) VALUES ('517000001', '517', 'LuwidSend', 10000000);
INSERT INTO account (id, bank_id, name, balance) VALUES ('520000001', '520', 'LuwidSend', 10000000);
INSERT INTO account (id, bank_id, name, balance) VALUES ('521000001', '521', 'LuwidSend', 10000000);
INSERT INTO account (id, bank_id, name, balance) VALUES ('523000001', '523', 'LuwidSend', 10000000);
INSERT INTO account (id, bank_id, name, balance) VALUES ('525000001', '525', 'LuwidSend', 10000000);
INSERT INTO account (id, bank_id, name, balance) VALUES ('526000001', '526', 'LuwidSend', 10000000);
INSERT INTO account (id, bank_id, name, balance) VALUES ('531000001', '531', 'LuwidSend', 10000000);
INSERT INTO account (id, bank_id, name, balance) VALUES ('535000001', '535', 'LuwidSend', 10000000);
INSERT INTO account (id, bank_id, name, balance) VALUES ('536000001', '536', 'LuwidSend', 10000000);
INSERT INTO account (id, bank_id, name, balance) VALUES ('542000001', '542', 'LuwidSend', 10000000);
INSERT INTO account (id, bank_id, name, balance) VALUES ('547000001', '547', 'LuwidSend', 10000000);
INSERT INTO account (id, bank_id, name, balance) VALUES ('548000001', '548', 'LuwidSend', 10000000);
INSERT INTO account (id, bank_id, name, balance) VALUES ('553000001', '553', 'LuwidSend', 10000000);
INSERT INTO account (id, bank_id, name, balance) VALUES ('555000001', '555', 'LuwidSend', 10000000);
INSERT INTO account (id, bank_id, name, balance) VALUES ('559000001', '559', 'LuwidSend', 10000000);
INSERT INTO account (id, bank_id, name, balance) VALUES ('562000001', '562', 'LuwidSend', 10000000);
INSERT INTO account (id, bank_id, name, balance) VALUES ('564000001', '564', 'LuwidSend', 10000000);
INSERT INTO account (id, bank_id, name, balance) VALUES ('566000001', '566', 'LuwidSend', 10000000);
INSERT INTO account (id, bank_id, name, balance) VALUES ('567000001', '567', 'LuwidSend', 10000000);
INSERT INTO account (id, bank_id, name, balance) VALUES ('688000001', '688', 'LuwidSend', 10000000);
INSERT INTO account (id, bank_id, name, balance) VALUES ('945000001', '945', 'LuwidSend', 10000000);
INSERT INTO account (id, bank_id, name, balance) VALUES ('946000001', '946', 'LuwidSend', 10000000);
INSERT INTO account (id, bank_id, name, balance) VALUES ('947000001', '947', 'LuwidSend', 10000000);
INSERT INTO account (id, bank_id, name, balance) VALUES ('949000001', '949', 'LuwidSend', 10000000);
INSERT INTO account (id, bank_id, name, balance) VALUES ('950000001', '950', 'LuwidSend', 10000000);

INSERT INTO account (id, bank_id, name, balance) VALUES ('002000002', '002', 'Customer 002000002', 3000000);
INSERT INTO account (id, bank_id, name, balance) VALUES ('003000002', '003', 'Customer 003000002', 3000000);
INSERT INTO account (id, bank_id, name, balance) VALUES ('008000002', '008', 'Customer 008000002', 3000000);
INSERT INTO account (id, bank_id, name, balance) VALUES ('009000002', '009', 'Customer 009000002', 3000000);
INSERT INTO account (id, bank_id, name, balance) VALUES ('011000002', '011', 'Customer 011000002', 3000000);
INSERT INTO account (id, bank_id, name, balance) VALUES ('013000002', '013', 'Customer 013000002', 3000000);
INSERT INTO account (id, bank_id, name, balance) VALUES ('014000002', '014', 'Customer 014000002', 3000000);
INSERT INTO account (id, bank_id, name, balance) VALUES ('016000002', '016', 'Customer 016000002', 3000000);
INSERT INTO account (id, bank_id, name, balance) VALUES ('019000002', '019', 'Customer 019000002', 3000000);
INSERT INTO account (id, bank_id, name, balance) VALUES ('020000002', '020', 'Customer 020000002', 3000000);
INSERT INTO account (id, bank_id, name, balance) VALUES ('022000002', '022', 'Customer 022000002', 3000000);
INSERT INTO account (id, bank_id, name, balance) VALUES ('023000002', '023', 'Customer 023000002', 3000000);
INSERT INTO account (id, bank_id, name, balance) VALUES ('028000002', '028', 'Customer 028000002', 3000000);
INSERT INTO account (id, bank_id, name, balance) VALUES ('030000002', '030', 'Customer 030000002', 3000000);
INSERT INTO account (id, bank_id, name, balance) VALUES ('031000002', '031', 'Customer 031000002', 3000000);
INSERT INTO account (id, bank_id, name, balance) VALUES ('032000002', '032', 'Customer 032000002', 3000000);
INSERT INTO account (id, bank_id, name, balance) VALUES ('033000002', '033', 'Customer 033000002', 3000000);
INSERT INTO account (id, bank_id, name, balance) VALUES ('034000002', '034', 'Customer 034000002', 3000000);
INSERT INTO account (id, bank_id, name, balance) VALUES ('036000002', '036', 'Customer 036000002', 3000000);
INSERT INTO account (id, bank_id, name, balance) VALUES ('037000002', '037', 'Customer 037000002', 3000000);
INSERT INTO account (id, bank_id, name, balance) VALUES ('039000002', '039', 'Customer 039000002', 3000000);
INSERT INTO account (id, bank_id, name, balance) VALUES ('040000002', '040', 'Customer 040000002', 3000000);
INSERT INTO account (id, bank_id, name, balance) VALUES ('041000002', '041', 'Customer 041000002', 3000000);
INSERT INTO account (id, bank_id, name, balance) VALUES ('042000002', '042', 'Customer 042000002', 3000000);
INSERT INTO account (id, bank_id, name, balance) VALUES ('046000002', '046', 'Customer 046000002', 3000000);
INSERT INTO account (id, bank_id, name, balance) VALUES ('047000002', '047', 'Customer 047000002', 3000000);
INSERT INTO account (id, bank_id, name, balance) VALUES ('048000002', '048', 'Customer 048000002', 3000000);
INSERT INTO account (id, bank_id, name, balance) VALUES ('050000002', '050', 'Customer 050000002', 3000000);
INSERT INTO account (id, bank_id, name, balance) VALUES ('053000002', '053', 'Customer 053000002', 3000000);
INSERT INTO account (id, bank_id, name, balance) VALUES ('054000002', '054', 'Customer 054000002', 3000000);
INSERT INTO account (id, bank_id, name, balance) VALUES ('057000002', '057', 'Customer 057000002', 3000000);
INSERT INTO account (id, bank_id, name, balance) VALUES ('059000002', '059', 'Customer 059000002', 3000000);
INSERT INTO account (id, bank_id, name, balance) VALUES ('061000002', '061', 'Customer 061000002', 3000000);
INSERT INTO account (id, bank_id, name, balance) VALUES ('067000002', '067', 'Customer 067000002', 3000000);
INSERT INTO account (id, bank_id, name, balance) VALUES ('069000002', '069', 'Customer 069000002', 3000000);
INSERT INTO account (id, bank_id, name, balance) VALUES ('076000002', '076', 'Customer 076000002', 3000000);
INSERT INTO account (id, bank_id, name, balance) VALUES ('087000002', '087', 'Customer 087000002', 3000000);
INSERT INTO account (id, bank_id, name, balance) VALUES ('095000002', '095', 'Customer 095000002', 3000000);
INSERT INTO account (id, bank_id, name, balance) VALUES ('097000002', '097', 'Customer 097000002', 3000000);
INSERT INTO account (id, bank_id, name, balance) VALUES ('110000002', '110', 'Customer 110000002', 3000000);
INSERT INTO account (id, bank_id, name, balance) VALUES ('111000002', '111', 'Customer 111000002', 3000000);
INSERT INTO account (id, bank_id, name, balance) VALUES ('112000002', '112', 'Customer 112000002', 3000000);
INSERT INTO account (id, bank_id, name, balance) VALUES ('113000002', '113', 'Customer 113000002', 3000000);
INSERT INTO account (id, bank_id, name, balance) VALUES ('114000002', '114', 'Customer 114000002', 3000000);
INSERT INTO account (id, bank_id, name, balance) VALUES ('115000002', '115', 'Customer 115000002', 3000000);
INSERT INTO account (id, bank_id, name, balance) VALUES ('116000002', '116', 'Customer 116000002', 3000000);
INSERT INTO account (id, bank_id, name, balance) VALUES ('117000002', '117', 'Customer 117000002', 3000000);
INSERT INTO account (id, bank_id, name, balance) VALUES ('118000002', '118', 'Customer 118000002', 3000000);
INSERT INTO account (id, bank_id, name, balance) VALUES ('119000002', '119', 'Customer 119000002', 3000000);
INSERT INTO account (id, bank_id, name, balance) VALUES ('120000002', '120', 'Customer 120000002', 3000000);
INSERT INTO account (id, bank_id, name, balance) VALUES ('121000002', '121', 'Customer 121000002', 3000000);
INSERT INTO account (id, bank_id, name, balance) VALUES ('122000002', '122', 'Customer 122000002', 3000000);
INSERT INTO account (id, bank_id, name, balance) VALUES ('123000002', '123', 'Customer 123000002', 3000000);
INSERT INTO account (id, bank_id, name, balance) VALUES ('124000002', '124', 'Customer 124000002', 3000000);
INSERT INTO account (id, bank_id, name, balance) VALUES ('125000002', '125', 'Customer 125000002', 3000000);
INSERT INTO account (id, bank_id, name, balance) VALUES ('126000002', '126', 'Customer 126000002', 3000000);
INSERT INTO account (id, bank_id, name, balance) VALUES ('127000002', '127', 'Customer 127000002', 3000000);
INSERT INTO account (id, bank_id, name, balance) VALUES ('128000002', '128', 'Customer 128000002', 3000000);
INSERT INTO account (id, bank_id, name, balance) VALUES ('129000002', '129', 'Customer 129000002', 3000000);
INSERT INTO account (id, bank_id, name, balance) VALUES ('130000002', '130', 'Customer 130000002', 3000000);
INSERT INTO account (id, bank_id, name, balance) VALUES ('131000002', '131', 'Customer 131000002', 3000000);
INSERT INTO account (id, bank_id, name, balance) VALUES ('132000002', '132', 'Customer 132000002', 3000000);
INSERT INTO account (id, bank_id, name, balance) VALUES ('133000002', '133', 'Customer 133000002', 3000000);
INSERT INTO account (id, bank_id, name, balance) VALUES ('134000002', '134', 'Customer 134000002', 3000000);
INSERT INTO account (id, bank_id, name, balance) VALUES ('135000002', '135', 'Customer 135000002', 3000000);
INSERT INTO account (id, bank_id, name, balance) VALUES ('145000002', '145', 'Customer 145000002', 3000000);
INSERT INTO account (id, bank_id, name, balance) VALUES ('146000002', '146', 'Customer 146000002', 3000000);
INSERT INTO account (id, bank_id, name, balance) VALUES ('147000002', '147', 'Customer 147000002', 3000000);
INSERT INTO account (id, bank_id, name, balance) VALUES ('151000002', '151', 'Customer 151000002', 3000000);
INSERT INTO account (id, bank_id, name, balance) VALUES ('152000002', '152', 'Customer 152000002', 3000000);
INSERT INTO account (id, bank_id, name, balance) VALUES ('153000002', '153', 'Customer 153000002', 3000000);
INSERT INTO account (id, bank_id, name, balance) VALUES ('157000002', '157', 'Customer 157000002', 3000000);
INSERT INTO account (id, bank_id, name, balance) VALUES ('161000002', '161', 'Customer 161000002', 3000000);
INSERT INTO account (id, bank_id, name, balance) VALUES ('162000002', '162', 'Customer 162000002', 3000000);
INSERT INTO account (id, bank_id, name, balance) VALUES ('164000002', '164', 'Customer 164000002', 3000000);
INSERT INTO account (id, bank_id, name, balance) VALUES ('166000002', '166', 'Customer 166000002', 3000000);
INSERT INTO account (id, bank_id, name, balance) VALUES ('167000002', '167', 'Customer 167000002', 3000000);
INSERT INTO account (id, bank_id, name, balance) VALUES ('200000002', '200', 'Customer 200000002', 3000000);
INSERT INTO account (id, bank_id, name, balance) VALUES ('212000002', '212', 'Customer 212000002', 3000000);
INSERT INTO account (id, bank_id, name, balance) VALUES ('213000002', '213', 'Customer 213000002', 3000000);
INSERT INTO account (id, bank_id, name, balance) VALUES ('405000002', '405', 'Customer 405000002', 3000000);
INSERT INTO account (id, bank_id, name, balance) VALUES ('422000002', '422', 'Customer 422000002', 3000000);
INSERT INTO account (id, bank_id, name, balance) VALUES ('425000002', '425', 'Customer 425000002', 3000000);
INSERT INTO account (id, bank_id, name, balance) VALUES ('426000002', '426', 'Customer 426000002', 3000000);
INSERT INTO account (id, bank_id, name, balance) VALUES ('427000002', '427', 'Customer 427000002', 3000000);
INSERT INTO account (id, bank_id, name, balance) VALUES ('441000002', '441', 'Customer 441000002', 3000000);
INSERT INTO account (id, bank_id, name, balance) VALUES ('451000002', '451', 'Customer 451000002', 3000000);
INSERT INTO account (id, bank_id, name, balance) VALUES ('459000002', '459', 'Customer 459000002', 3000000);
INSERT INTO account (id, bank_id, name, balance) VALUES ('466000002', '466', 'Customer 466000002', 3000000);
INSERT INTO account (id, bank_id, name, balance) VALUES ('472000002', '472', 'Customer 472000002', 3000000);
INSERT INTO account (id, bank_id, name, balance) VALUES ('484000002', '484', 'Customer 484000002', 3000000);
INSERT INTO account (id, bank_id, name, balance) VALUES ('485000002', '485', 'Customer 485000002', 3000000);
INSERT INTO account (id, bank_id, name, balance) VALUES ('490000002', '490', 'Customer 490000002', 3000000);
INSERT INTO account (id, bank_id, name, balance) VALUES ('494000002', '494', 'Customer 494000002', 3000000);
INSERT INTO account (id, bank_id, name, balance) VALUES ('498000002', '498', 'Customer 498000002', 3000000);
INSERT INTO account (id, bank_id, name, balance) VALUES ('501000002', '501', 'Customer 501000002', 3000000);
INSERT INTO account (id, bank_id, name, balance) VALUES ('503000002', '503', 'Customer 503000002', 3000000);
INSERT INTO account (id, bank_id, name, balance) VALUES ('506000002', '506', 'Customer 506000002', 3000000);
INSERT INTO account (id, bank_id, name, balance) VALUES ('513000002', '513', 'Customer 513000002', 3000000);
INSERT INTO account (id, bank_id, name, balance) VALUES ('517000002', '517', 'Customer 517000002', 3000000);
INSERT INTO account (id, bank_id, name, balance) VALUES ('520000002', '520', 'Customer 520000002', 3000000);
INSERT INTO account (id, bank_id, name, balance) VALUES ('521000002', '521', 'Customer 521000002', 3000000);
INSERT INTO account (id, bank_id, name, balance) VALUES ('523000002', '523', 'Customer 523000002', 3000000);
INSERT INTO account (id, bank_id, name, balance) VALUES ('525000002', '525', 'Customer 525000002', 3000000);
INSERT INTO account (id, bank_id, name, balance) VALUES ('526000002', '526', 'Customer 526000002', 3000000);
INSERT INTO account (id, bank_id, name, balance) VALUES ('531000002', '531', 'Customer 531000002', 3000000);
INSERT INTO account (id, bank_id, name, balance) VALUES ('535000002', '535', 'Customer 535000002', 3000000);
INSERT INTO account (id, bank_id, name, balance) VALUES ('536000002', '536', 'Customer 536000002', 3000000);
INSERT INTO account (id, bank_id, name, balance) VALUES ('542000002', '542', 'Customer 542000002', 3000000);
INSERT INTO account (id, bank_id, name, balance) VALUES ('547000002', '547', 'Customer 547000002', 3000000);
INSERT INTO account (id, bank_id, name, balance) VALUES ('548000002', '548', 'Customer 548000002', 3000000);
INSERT INTO account (id, bank_id, name, balance) VALUES ('553000002', '553', 'Customer 553000002', 3000000);
INSERT INTO account (id, bank_id, name, balance) VALUES ('555000002', '555', 'Customer 555000002', 3000000);
INSERT INTO account (id, bank_id, name, balance) VALUES ('559000002', '559', 'Customer 559000002', 3000000);
INSERT INTO account (id, bank_id, name, balance) VALUES ('562000002', '562', 'Customer 562000002', 3000000);
INSERT INTO account (id, bank_id, name, balance) VALUES ('564000002', '564', 'Customer 564000002', 3000000);
INSERT INTO account (id, bank_id, name, balance) VALUES ('566000002', '566', 'Customer 566000002', 3000000);
INSERT INTO account (id, bank_id, name, balance) VALUES ('567000002', '567', 'Customer 567000002', 3000000);
INSERT INTO account (id, bank_id, name, balance) VALUES ('688000002', '688', 'Customer 688000002', 3000000);
INSERT INTO account (id, bank_id, name, balance) VALUES ('945000002', '945', 'Customer 945000002', 3000000);
INSERT INTO account (id, bank_id, name, balance) VALUES ('946000002', '946', 'Customer 946000002', 3000000);
INSERT INTO account (id, bank_id, name, balance) VALUES ('947000002', '947', 'Customer 947000002', 3000000);
INSERT INTO account (id, bank_id, name, balance) VALUES ('949000002', '949', 'Customer 949000002', 3000000);
INSERT INTO account (id, bank_id, name, balance) VALUES ('950000002', '950', 'Customer 950000002', 3000000);

INSERT INTO account (id, bank_id, name, balance) VALUES ('002000003', '002', 'Customer 002000003', 3000000);
INSERT INTO account (id, bank_id, name, balance) VALUES ('003000003', '003', 'Customer 003000003', 3000000);
INSERT INTO account (id, bank_id, name, balance) VALUES ('008000003', '008', 'Customer 008000003', 3000000);
INSERT INTO account (id, bank_id, name, balance) VALUES ('009000003', '009', 'Customer 009000003', 3000000);
INSERT INTO account (id, bank_id, name, balance) VALUES ('011000003', '011', 'Customer 011000003', 3000000);
INSERT INTO account (id, bank_id, name, balance) VALUES ('013000003', '013', 'Customer 013000003', 3000000);
INSERT INTO account (id, bank_id, name, balance) VALUES ('014000003', '014', 'Customer 014000003', 3000000);
INSERT INTO account (id, bank_id, name, balance) VALUES ('016000003', '016', 'Customer 016000003', 3000000);
INSERT INTO account (id, bank_id, name, balance) VALUES ('019000003', '019', 'Customer 019000003', 3000000);
INSERT INTO account (id, bank_id, name, balance) VALUES ('020000003', '020', 'Customer 020000003', 3000000);
INSERT INTO account (id, bank_id, name, balance) VALUES ('022000003', '022', 'Customer 022000003', 3000000);
INSERT INTO account (id, bank_id, name, balance) VALUES ('023000003', '023', 'Customer 023000003', 3000000);
INSERT INTO account (id, bank_id, name, balance) VALUES ('028000003', '028', 'Customer 028000003', 3000000);
INSERT INTO account (id, bank_id, name, balance) VALUES ('030000003', '030', 'Customer 030000003', 3000000);
INSERT INTO account (id, bank_id, name, balance) VALUES ('031000003', '031', 'Customer 031000003', 3000000);
INSERT INTO account (id, bank_id, name, balance) VALUES ('032000003', '032', 'Customer 032000003', 3000000);
INSERT INTO account (id, bank_id, name, balance) VALUES ('033000003', '033', 'Customer 033000003', 3000000);
INSERT INTO account (id, bank_id, name, balance) VALUES ('034000003', '034', 'Customer 034000003', 3000000);
INSERT INTO account (id, bank_id, name, balance) VALUES ('036000003', '036', 'Customer 036000003', 3000000);
INSERT INTO account (id, bank_id, name, balance) VALUES ('037000003', '037', 'Customer 037000003', 3000000);
INSERT INTO account (id, bank_id, name, balance) VALUES ('039000003', '039', 'Customer 039000003', 3000000);
INSERT INTO account (id, bank_id, name, balance) VALUES ('040000003', '040', 'Customer 040000003', 3000000);
INSERT INTO account (id, bank_id, name, balance) VALUES ('041000003', '041', 'Customer 041000003', 3000000);
INSERT INTO account (id, bank_id, name, balance) VALUES ('042000003', '042', 'Customer 042000003', 3000000);
INSERT INTO account (id, bank_id, name, balance) VALUES ('046000003', '046', 'Customer 046000003', 3000000);
INSERT INTO account (id, bank_id, name, balance) VALUES ('047000003', '047', 'Customer 047000003', 3000000);
INSERT INTO account (id, bank_id, name, balance) VALUES ('048000003', '048', 'Customer 048000003', 3000000);
INSERT INTO account (id, bank_id, name, balance) VALUES ('050000003', '050', 'Customer 050000003', 3000000);
INSERT INTO account (id, bank_id, name, balance) VALUES ('053000003', '053', 'Customer 053000003', 3000000);
INSERT INTO account (id, bank_id, name, balance) VALUES ('054000003', '054', 'Customer 054000003', 3000000);
INSERT INTO account (id, bank_id, name, balance) VALUES ('057000003', '057', 'Customer 057000003', 3000000);
INSERT INTO account (id, bank_id, name, balance) VALUES ('059000003', '059', 'Customer 059000003', 3000000);
INSERT INTO account (id, bank_id, name, balance) VALUES ('061000003', '061', 'Customer 061000003', 3000000);
INSERT INTO account (id, bank_id, name, balance) VALUES ('067000003', '067', 'Customer 067000003', 3000000);
INSERT INTO account (id, bank_id, name, balance) VALUES ('069000003', '069', 'Customer 069000003', 3000000);
INSERT INTO account (id, bank_id, name, balance) VALUES ('076000003', '076', 'Customer 076000003', 3000000);
INSERT INTO account (id, bank_id, name, balance) VALUES ('087000003', '087', 'Customer 087000003', 3000000);
INSERT INTO account (id, bank_id, name, balance) VALUES ('095000003', '095', 'Customer 095000003', 3000000);
INSERT INTO account (id, bank_id, name, balance) VALUES ('097000003', '097', 'Customer 097000003', 3000000);
INSERT INTO account (id, bank_id, name, balance) VALUES ('110000003', '110', 'Customer 110000003', 3000000);
INSERT INTO account (id, bank_id, name, balance) VALUES ('111000003', '111', 'Customer 111000003', 3000000);
INSERT INTO account (id, bank_id, name, balance) VALUES ('112000003', '112', 'Customer 112000003', 3000000);
INSERT INTO account (id, bank_id, name, balance) VALUES ('113000003', '113', 'Customer 113000003', 3000000);
INSERT INTO account (id, bank_id, name, balance) VALUES ('114000003', '114', 'Customer 114000003', 3000000);
INSERT INTO account (id, bank_id, name, balance) VALUES ('115000003', '115', 'Customer 115000003', 3000000);
INSERT INTO account (id, bank_id, name, balance) VALUES ('116000003', '116', 'Customer 116000003', 3000000);
INSERT INTO account (id, bank_id, name, balance) VALUES ('117000003', '117', 'Customer 117000003', 3000000);
INSERT INTO account (id, bank_id, name, balance) VALUES ('118000003', '118', 'Customer 118000003', 3000000);
INSERT INTO account (id, bank_id, name, balance) VALUES ('119000003', '119', 'Customer 119000003', 3000000);
INSERT INTO account (id, bank_id, name, balance) VALUES ('120000003', '120', 'Customer 120000003', 3000000);
INSERT INTO account (id, bank_id, name, balance) VALUES ('121000003', '121', 'Customer 121000003', 3000000);
INSERT INTO account (id, bank_id, name, balance) VALUES ('122000003', '122', 'Customer 122000003', 3000000);
INSERT INTO account (id, bank_id, name, balance) VALUES ('123000003', '123', 'Customer 123000003', 3000000);
INSERT INTO account (id, bank_id, name, balance) VALUES ('124000003', '124', 'Customer 124000003', 3000000);
INSERT INTO account (id, bank_id, name, balance) VALUES ('125000003', '125', 'Customer 125000003', 3000000);
INSERT INTO account (id, bank_id, name, balance) VALUES ('126000003', '126', 'Customer 126000003', 3000000);
INSERT INTO account (id, bank_id, name, balance) VALUES ('127000003', '127', 'Customer 127000003', 3000000);
INSERT INTO account (id, bank_id, name, balance) VALUES ('128000003', '128', 'Customer 128000003', 3000000);
INSERT INTO account (id, bank_id, name, balance) VALUES ('129000003', '129', 'Customer 129000003', 3000000);
INSERT INTO account (id, bank_id, name, balance) VALUES ('130000003', '130', 'Customer 130000003', 3000000);
INSERT INTO account (id, bank_id, name, balance) VALUES ('131000003', '131', 'Customer 131000003', 3000000);
INSERT INTO account (id, bank_id, name, balance) VALUES ('132000003', '132', 'Customer 132000003', 3000000);
INSERT INTO account (id, bank_id, name, balance) VALUES ('133000003', '133', 'Customer 133000003', 3000000);
INSERT INTO account (id, bank_id, name, balance) VALUES ('134000003', '134', 'Customer 134000003', 3000000);
INSERT INTO account (id, bank_id, name, balance) VALUES ('135000003', '135', 'Customer 135000003', 3000000);
INSERT INTO account (id, bank_id, name, balance) VALUES ('145000003', '145', 'Customer 145000003', 3000000);
INSERT INTO account (id, bank_id, name, balance) VALUES ('146000003', '146', 'Customer 146000003', 3000000);
INSERT INTO account (id, bank_id, name, balance) VALUES ('147000003', '147', 'Customer 147000003', 3000000);
INSERT INTO account (id, bank_id, name, balance) VALUES ('151000003', '151', 'Customer 151000003', 3000000);
INSERT INTO account (id, bank_id, name, balance) VALUES ('152000003', '152', 'Customer 152000003', 3000000);
INSERT INTO account (id, bank_id, name, balance) VALUES ('153000003', '153', 'Customer 153000003', 3000000);
INSERT INTO account (id, bank_id, name, balance) VALUES ('157000003', '157', 'Customer 157000003', 3000000);
INSERT INTO account (id, bank_id, name, balance) VALUES ('161000003', '161', 'Customer 161000003', 3000000);
INSERT INTO account (id, bank_id, name, balance) VALUES ('162000003', '162', 'Customer 162000003', 3000000);
INSERT INTO account (id, bank_id, name, balance) VALUES ('164000003', '164', 'Customer 164000003', 3000000);
INSERT INTO account (id, bank_id, name, balance) VALUES ('166000003', '166', 'Customer 166000003', 3000000);
INSERT INTO account (id, bank_id, name, balance) VALUES ('167000003', '167', 'Customer 167000003', 3000000);
INSERT INTO account (id, bank_id, name, balance) VALUES ('200000003', '200', 'Customer 200000003', 3000000);
INSERT INTO account (id, bank_id, name, balance) VALUES ('212000003', '212', 'Customer 212000003', 3000000);
INSERT INTO account (id, bank_id, name, balance) VALUES ('213000003', '213', 'Customer 213000003', 3000000);
INSERT INTO account (id, bank_id, name, balance) VALUES ('405000003', '405', 'Customer 405000003', 3000000);
INSERT INTO account (id, bank_id, name, balance) VALUES ('422000003', '422', 'Customer 422000003', 3000000);
INSERT INTO account (id, bank_id, name, balance) VALUES ('425000003', '425', 'Customer 425000003', 3000000);
INSERT INTO account (id, bank_id, name, balance) VALUES ('426000003', '426', 'Customer 426000003', 3000000);
INSERT INTO account (id, bank_id, name, balance) VALUES ('427000003', '427', 'Customer 427000003', 3000000);
INSERT INTO account (id, bank_id, name, balance) VALUES ('441000003', '441', 'Customer 441000003', 3000000);
INSERT INTO account (id, bank_id, name, balance) VALUES ('451000003', '451', 'Customer 451000003', 3000000);
INSERT INTO account (id, bank_id, name, balance) VALUES ('459000003', '459', 'Customer 459000003', 3000000);
INSERT INTO account (id, bank_id, name, balance) VALUES ('466000003', '466', 'Customer 466000003', 3000000);
INSERT INTO account (id, bank_id, name, balance) VALUES ('472000003', '472', 'Customer 472000003', 3000000);
INSERT INTO account (id, bank_id, name, balance) VALUES ('484000003', '484', 'Customer 484000003', 3000000);
INSERT INTO account (id, bank_id, name, balance) VALUES ('485000003', '485', 'Customer 485000003', 3000000);
INSERT INTO account (id, bank_id, name, balance) VALUES ('490000003', '490', 'Customer 490000003', 3000000);
INSERT INTO account (id, bank_id, name, balance) VALUES ('494000003', '494', 'Customer 494000003', 3000000);
INSERT INTO account (id, bank_id, name, balance) VALUES ('498000003', '498', 'Customer 498000003', 3000000);
INSERT INTO account (id, bank_id, name, balance) VALUES ('501000003', '501', 'Customer 501000003', 3000000);
INSERT INTO account (id, bank_id, name, balance) VALUES ('503000003', '503', 'Customer 503000003', 3000000);
INSERT INTO account (id, bank_id, name, balance) VALUES ('506000003', '506', 'Customer 506000003', 3000000);
INSERT INTO account (id, bank_id, name, balance) VALUES ('513000003', '513', 'Customer 513000003', 3000000);
INSERT INTO account (id, bank_id, name, balance) VALUES ('517000003', '517', 'Customer 517000003', 3000000);
INSERT INTO account (id, bank_id, name, balance) VALUES ('520000003', '520', 'Customer 520000003', 3000000);
INSERT INTO account (id, bank_id, name, balance) VALUES ('521000003', '521', 'Customer 521000003', 3000000);
INSERT INTO account (id, bank_id, name, balance) VALUES ('523000003', '523', 'Customer 523000003', 3000000);
INSERT INTO account (id, bank_id, name, balance) VALUES ('525000003', '525', 'Customer 525000003', 3000000);
INSERT INTO account (id, bank_id, name, balance) VALUES ('526000003', '526', 'Customer 526000003', 3000000);
INSERT INTO account (id, bank_id, name, balance) VALUES ('531000003', '531', 'Customer 531000003', 3000000);
INSERT INTO account (id, bank_id, name, balance) VALUES ('535000003', '535', 'Customer 535000003', 3000000);
INSERT INTO account (id, bank_id, name, balance) VALUES ('536000003', '536', 'Customer 536000003', 3000000);
INSERT INTO account (id, bank_id, name, balance) VALUES ('542000003', '542', 'Customer 542000003', 3000000);
INSERT INTO account (id, bank_id, name, balance) VALUES ('547000003', '547', 'Customer 547000003', 3000000);
INSERT INTO account (id, bank_id, name, balance) VALUES ('548000003', '548', 'Customer 548000003', 3000000);
INSERT INTO account (id, bank_id, name, balance) VALUES ('553000003', '553', 'Customer 553000003', 3000000);
INSERT INTO account (id, bank_id, name, balance) VALUES ('555000003', '555', 'Customer 555000003', 3000000);
INSERT INTO account (id, bank_id, name, balance) VALUES ('559000003', '559', 'Customer 559000003', 3000000);
INSERT INTO account (id, bank_id, name, balance) VALUES ('562000003', '562', 'Customer 562000003', 3000000);
INSERT INTO account (id, bank_id, name, balance) VALUES ('564000003', '564', 'Customer 564000003', 3000000);
INSERT INTO account (id, bank_id, name, balance) VALUES ('566000003', '566', 'Customer 566000003', 3000000);
INSERT INTO account (id, bank_id, name, balance) VALUES ('567000003', '567', 'Customer 567000003', 3000000);
INSERT INTO account (id, bank_id, name, balance) VALUES ('688000003', '688', 'Customer 688000003', 3000000);
INSERT INTO account (id, bank_id, name, balance) VALUES ('945000003', '945', 'Customer 945000003', 3000000);
INSERT INTO account (id, bank_id, name, balance) VALUES ('946000003', '946', 'Customer 946000003', 3000000);
INSERT INTO account (id, bank_id, name, balance) VALUES ('947000003', '947', 'Customer 947000003', 3000000);
INSERT INTO account (id, bank_id, name, balance) VALUES ('949000003', '949', 'Customer 949000003', 3000000);
INSERT INTO account (id, bank_id, name, balance) VALUES ('950000003', '950', 'Customer 950000003', 3000000);

INSERT INTO user_app (id, password, role, account_id) VALUES ('002000001@gmail.com', '$2a$10$hZWJKAQNadyewKCKck5.dOx41N0DXCazcljxwmn8JLj1WhM/BoviW', 'USER', '002000001');
INSERT INTO user_app (id, password, role, account_id) VALUES ('003000001@gmail.com', '$2a$10$hZWJKAQNadyewKCKck5.dOx41N0DXCazcljxwmn8JLj1WhM/BoviW', 'USER', '003000001');
INSERT INTO user_app (id, password, role, account_id) VALUES ('008000001@gmail.com', '$2a$10$hZWJKAQNadyewKCKck5.dOx41N0DXCazcljxwmn8JLj1WhM/BoviW', 'USER', '008000001');
INSERT INTO user_app (id, password, role, account_id) VALUES ('009000001@gmail.com', '$2a$10$hZWJKAQNadyewKCKck5.dOx41N0DXCazcljxwmn8JLj1WhM/BoviW', 'USER', '009000001');
INSERT INTO user_app (id, password, role, account_id) VALUES ('011000001@gmail.com', '$2a$10$hZWJKAQNadyewKCKck5.dOx41N0DXCazcljxwmn8JLj1WhM/BoviW', 'USER', '011000001');
INSERT INTO user_app (id, password, role, account_id) VALUES ('013000001@gmail.com', '$2a$10$hZWJKAQNadyewKCKck5.dOx41N0DXCazcljxwmn8JLj1WhM/BoviW', 'USER', '013000001');
INSERT INTO user_app (id, password, role, account_id) VALUES ('014000001@gmail.com', '$2a$10$hZWJKAQNadyewKCKck5.dOx41N0DXCazcljxwmn8JLj1WhM/BoviW', 'USER', '014000001');
INSERT INTO user_app (id, password, role, account_id) VALUES ('016000001@gmail.com', '$2a$10$hZWJKAQNadyewKCKck5.dOx41N0DXCazcljxwmn8JLj1WhM/BoviW', 'USER', '016000001');
INSERT INTO user_app (id, password, role, account_id) VALUES ('019000001@gmail.com', '$2a$10$hZWJKAQNadyewKCKck5.dOx41N0DXCazcljxwmn8JLj1WhM/BoviW', 'USER', '019000001');
INSERT INTO user_app (id, password, role, account_id) VALUES ('020000001@gmail.com', '$2a$10$hZWJKAQNadyewKCKck5.dOx41N0DXCazcljxwmn8JLj1WhM/BoviW', 'USER', '020000001');
INSERT INTO user_app (id, password, role, account_id) VALUES ('022000001@gmail.com', '$2a$10$hZWJKAQNadyewKCKck5.dOx41N0DXCazcljxwmn8JLj1WhM/BoviW', 'USER', '022000001');
INSERT INTO user_app (id, password, role, account_id) VALUES ('023000001@gmail.com', '$2a$10$hZWJKAQNadyewKCKck5.dOx41N0DXCazcljxwmn8JLj1WhM/BoviW', 'USER', '023000001');
INSERT INTO user_app (id, password, role, account_id) VALUES ('028000001@gmail.com', '$2a$10$hZWJKAQNadyewKCKck5.dOx41N0DXCazcljxwmn8JLj1WhM/BoviW', 'USER', '028000001');
INSERT INTO user_app (id, password, role, account_id) VALUES ('030000001@gmail.com', '$2a$10$hZWJKAQNadyewKCKck5.dOx41N0DXCazcljxwmn8JLj1WhM/BoviW', 'USER', '030000001');
INSERT INTO user_app (id, password, role, account_id) VALUES ('031000001@gmail.com', '$2a$10$hZWJKAQNadyewKCKck5.dOx41N0DXCazcljxwmn8JLj1WhM/BoviW', 'USER', '031000001');
INSERT INTO user_app (id, password, role, account_id) VALUES ('032000001@gmail.com', '$2a$10$hZWJKAQNadyewKCKck5.dOx41N0DXCazcljxwmn8JLj1WhM/BoviW', 'USER', '032000001');
INSERT INTO user_app (id, password, role, account_id) VALUES ('033000001@gmail.com', '$2a$10$hZWJKAQNadyewKCKck5.dOx41N0DXCazcljxwmn8JLj1WhM/BoviW', 'USER', '033000001');
INSERT INTO user_app (id, password, role, account_id) VALUES ('034000001@gmail.com', '$2a$10$hZWJKAQNadyewKCKck5.dOx41N0DXCazcljxwmn8JLj1WhM/BoviW', 'USER', '034000001');
INSERT INTO user_app (id, password, role, account_id) VALUES ('036000001@gmail.com', '$2a$10$hZWJKAQNadyewKCKck5.dOx41N0DXCazcljxwmn8JLj1WhM/BoviW', 'USER', '036000001');
INSERT INTO user_app (id, password, role, account_id) VALUES ('037000001@gmail.com', '$2a$10$hZWJKAQNadyewKCKck5.dOx41N0DXCazcljxwmn8JLj1WhM/BoviW', 'USER', '037000001');
INSERT INTO user_app (id, password, role, account_id) VALUES ('039000001@gmail.com', '$2a$10$hZWJKAQNadyewKCKck5.dOx41N0DXCazcljxwmn8JLj1WhM/BoviW', 'USER', '039000001');
INSERT INTO user_app (id, password, role, account_id) VALUES ('040000001@gmail.com', '$2a$10$hZWJKAQNadyewKCKck5.dOx41N0DXCazcljxwmn8JLj1WhM/BoviW', 'USER', '040000001');
INSERT INTO user_app (id, password, role, account_id) VALUES ('041000001@gmail.com', '$2a$10$hZWJKAQNadyewKCKck5.dOx41N0DXCazcljxwmn8JLj1WhM/BoviW', 'USER', '041000001');
INSERT INTO user_app (id, password, role, account_id) VALUES ('042000001@gmail.com', '$2a$10$hZWJKAQNadyewKCKck5.dOx41N0DXCazcljxwmn8JLj1WhM/BoviW', 'USER', '042000001');
INSERT INTO user_app (id, password, role, account_id) VALUES ('046000001@gmail.com', '$2a$10$hZWJKAQNadyewKCKck5.dOx41N0DXCazcljxwmn8JLj1WhM/BoviW', 'USER', '046000001');
INSERT INTO user_app (id, password, role, account_id) VALUES ('047000001@gmail.com', '$2a$10$hZWJKAQNadyewKCKck5.dOx41N0DXCazcljxwmn8JLj1WhM/BoviW', 'USER', '047000001');
INSERT INTO user_app (id, password, role, account_id) VALUES ('048000001@gmail.com', '$2a$10$hZWJKAQNadyewKCKck5.dOx41N0DXCazcljxwmn8JLj1WhM/BoviW', 'USER', '048000001');
INSERT INTO user_app (id, password, role, account_id) VALUES ('050000001@gmail.com', '$2a$10$hZWJKAQNadyewKCKck5.dOx41N0DXCazcljxwmn8JLj1WhM/BoviW', 'USER', '050000001');
INSERT INTO user_app (id, password, role, account_id) VALUES ('053000001@gmail.com', '$2a$10$hZWJKAQNadyewKCKck5.dOx41N0DXCazcljxwmn8JLj1WhM/BoviW', 'USER', '053000001');
INSERT INTO user_app (id, password, role, account_id) VALUES ('054000001@gmail.com', '$2a$10$hZWJKAQNadyewKCKck5.dOx41N0DXCazcljxwmn8JLj1WhM/BoviW', 'USER', '054000001');
INSERT INTO user_app (id, password, role, account_id) VALUES ('057000001@gmail.com', '$2a$10$hZWJKAQNadyewKCKck5.dOx41N0DXCazcljxwmn8JLj1WhM/BoviW', 'USER', '057000001');
INSERT INTO user_app (id, password, role, account_id) VALUES ('059000001@gmail.com', '$2a$10$hZWJKAQNadyewKCKck5.dOx41N0DXCazcljxwmn8JLj1WhM/BoviW', 'USER', '059000001');
INSERT INTO user_app (id, password, role, account_id) VALUES ('061000001@gmail.com', '$2a$10$hZWJKAQNadyewKCKck5.dOx41N0DXCazcljxwmn8JLj1WhM/BoviW', 'USER', '061000001');
INSERT INTO user_app (id, password, role, account_id) VALUES ('067000001@gmail.com', '$2a$10$hZWJKAQNadyewKCKck5.dOx41N0DXCazcljxwmn8JLj1WhM/BoviW', 'USER', '067000001');
INSERT INTO user_app (id, password, role, account_id) VALUES ('069000001@gmail.com', '$2a$10$hZWJKAQNadyewKCKck5.dOx41N0DXCazcljxwmn8JLj1WhM/BoviW', 'USER', '069000001');
INSERT INTO user_app (id, password, role, account_id) VALUES ('076000001@gmail.com', '$2a$10$hZWJKAQNadyewKCKck5.dOx41N0DXCazcljxwmn8JLj1WhM/BoviW', 'USER', '076000001');
INSERT INTO user_app (id, password, role, account_id) VALUES ('087000001@gmail.com', '$2a$10$hZWJKAQNadyewKCKck5.dOx41N0DXCazcljxwmn8JLj1WhM/BoviW', 'USER', '087000001');
INSERT INTO user_app (id, password, role, account_id) VALUES ('095000001@gmail.com', '$2a$10$hZWJKAQNadyewKCKck5.dOx41N0DXCazcljxwmn8JLj1WhM/BoviW', 'USER', '095000001');
INSERT INTO user_app (id, password, role, account_id) VALUES ('097000001@gmail.com', '$2a$10$hZWJKAQNadyewKCKck5.dOx41N0DXCazcljxwmn8JLj1WhM/BoviW', 'USER', '097000001');
INSERT INTO user_app (id, password, role, account_id) VALUES ('110000001@gmail.com', '$2a$10$hZWJKAQNadyewKCKck5.dOx41N0DXCazcljxwmn8JLj1WhM/BoviW', 'USER', '110000001');
INSERT INTO user_app (id, password, role, account_id) VALUES ('111000001@gmail.com', '$2a$10$hZWJKAQNadyewKCKck5.dOx41N0DXCazcljxwmn8JLj1WhM/BoviW', 'USER', '111000001');
INSERT INTO user_app (id, password, role, account_id) VALUES ('112000001@gmail.com', '$2a$10$hZWJKAQNadyewKCKck5.dOx41N0DXCazcljxwmn8JLj1WhM/BoviW', 'USER', '112000001');
INSERT INTO user_app (id, password, role, account_id) VALUES ('113000001@gmail.com', '$2a$10$hZWJKAQNadyewKCKck5.dOx41N0DXCazcljxwmn8JLj1WhM/BoviW', 'USER', '113000001');
INSERT INTO user_app (id, password, role, account_id) VALUES ('114000001@gmail.com', '$2a$10$hZWJKAQNadyewKCKck5.dOx41N0DXCazcljxwmn8JLj1WhM/BoviW', 'USER', '114000001');
INSERT INTO user_app (id, password, role, account_id) VALUES ('115000001@gmail.com', '$2a$10$hZWJKAQNadyewKCKck5.dOx41N0DXCazcljxwmn8JLj1WhM/BoviW', 'USER', '115000001');
INSERT INTO user_app (id, password, role, account_id) VALUES ('116000001@gmail.com', '$2a$10$hZWJKAQNadyewKCKck5.dOx41N0DXCazcljxwmn8JLj1WhM/BoviW', 'USER', '116000001');
INSERT INTO user_app (id, password, role, account_id) VALUES ('117000001@gmail.com', '$2a$10$hZWJKAQNadyewKCKck5.dOx41N0DXCazcljxwmn8JLj1WhM/BoviW', 'USER', '117000001');
INSERT INTO user_app (id, password, role, account_id) VALUES ('118000001@gmail.com', '$2a$10$hZWJKAQNadyewKCKck5.dOx41N0DXCazcljxwmn8JLj1WhM/BoviW', 'USER', '118000001');
INSERT INTO user_app (id, password, role, account_id) VALUES ('119000001@gmail.com', '$2a$10$hZWJKAQNadyewKCKck5.dOx41N0DXCazcljxwmn8JLj1WhM/BoviW', 'USER', '119000001');
INSERT INTO user_app (id, password, role, account_id) VALUES ('120000001@gmail.com', '$2a$10$hZWJKAQNadyewKCKck5.dOx41N0DXCazcljxwmn8JLj1WhM/BoviW', 'USER', '120000001');
INSERT INTO user_app (id, password, role, account_id) VALUES ('121000001@gmail.com', '$2a$10$hZWJKAQNadyewKCKck5.dOx41N0DXCazcljxwmn8JLj1WhM/BoviW', 'USER', '121000001');
INSERT INTO user_app (id, password, role, account_id) VALUES ('122000001@gmail.com', '$2a$10$hZWJKAQNadyewKCKck5.dOx41N0DXCazcljxwmn8JLj1WhM/BoviW', 'USER', '122000001');
INSERT INTO user_app (id, password, role, account_id) VALUES ('123000001@gmail.com', '$2a$10$hZWJKAQNadyewKCKck5.dOx41N0DXCazcljxwmn8JLj1WhM/BoviW', 'USER', '123000001');
INSERT INTO user_app (id, password, role, account_id) VALUES ('124000001@gmail.com', '$2a$10$hZWJKAQNadyewKCKck5.dOx41N0DXCazcljxwmn8JLj1WhM/BoviW', 'USER', '124000001');
INSERT INTO user_app (id, password, role, account_id) VALUES ('125000001@gmail.com', '$2a$10$hZWJKAQNadyewKCKck5.dOx41N0DXCazcljxwmn8JLj1WhM/BoviW', 'USER', '125000001');
INSERT INTO user_app (id, password, role, account_id) VALUES ('126000001@gmail.com', '$2a$10$hZWJKAQNadyewKCKck5.dOx41N0DXCazcljxwmn8JLj1WhM/BoviW', 'USER', '126000001');
INSERT INTO user_app (id, password, role, account_id) VALUES ('127000001@gmail.com', '$2a$10$hZWJKAQNadyewKCKck5.dOx41N0DXCazcljxwmn8JLj1WhM/BoviW', 'USER', '127000001');
INSERT INTO user_app (id, password, role, account_id) VALUES ('128000001@gmail.com', '$2a$10$hZWJKAQNadyewKCKck5.dOx41N0DXCazcljxwmn8JLj1WhM/BoviW', 'USER', '128000001');
INSERT INTO user_app (id, password, role, account_id) VALUES ('129000001@gmail.com', '$2a$10$hZWJKAQNadyewKCKck5.dOx41N0DXCazcljxwmn8JLj1WhM/BoviW', 'USER', '129000001');
INSERT INTO user_app (id, password, role, account_id) VALUES ('130000001@gmail.com', '$2a$10$hZWJKAQNadyewKCKck5.dOx41N0DXCazcljxwmn8JLj1WhM/BoviW', 'USER', '130000001');
INSERT INTO user_app (id, password, role, account_id) VALUES ('131000001@gmail.com', '$2a$10$hZWJKAQNadyewKCKck5.dOx41N0DXCazcljxwmn8JLj1WhM/BoviW', 'USER', '131000001');
INSERT INTO user_app (id, password, role, account_id) VALUES ('132000001@gmail.com', '$2a$10$hZWJKAQNadyewKCKck5.dOx41N0DXCazcljxwmn8JLj1WhM/BoviW', 'USER', '132000001');
INSERT INTO user_app (id, password, role, account_id) VALUES ('133000001@gmail.com', '$2a$10$hZWJKAQNadyewKCKck5.dOx41N0DXCazcljxwmn8JLj1WhM/BoviW', 'USER', '133000001');
INSERT INTO user_app (id, password, role, account_id) VALUES ('134000001@gmail.com', '$2a$10$hZWJKAQNadyewKCKck5.dOx41N0DXCazcljxwmn8JLj1WhM/BoviW', 'USER', '134000001');
INSERT INTO user_app (id, password, role, account_id) VALUES ('135000001@gmail.com', '$2a$10$hZWJKAQNadyewKCKck5.dOx41N0DXCazcljxwmn8JLj1WhM/BoviW', 'USER', '135000001');
INSERT INTO user_app (id, password, role, account_id) VALUES ('145000001@gmail.com', '$2a$10$hZWJKAQNadyewKCKck5.dOx41N0DXCazcljxwmn8JLj1WhM/BoviW', 'USER', '145000001');
INSERT INTO user_app (id, password, role, account_id) VALUES ('146000001@gmail.com', '$2a$10$hZWJKAQNadyewKCKck5.dOx41N0DXCazcljxwmn8JLj1WhM/BoviW', 'USER', '146000001');
INSERT INTO user_app (id, password, role, account_id) VALUES ('147000001@gmail.com', '$2a$10$hZWJKAQNadyewKCKck5.dOx41N0DXCazcljxwmn8JLj1WhM/BoviW', 'USER', '147000001');
INSERT INTO user_app (id, password, role, account_id) VALUES ('151000001@gmail.com', '$2a$10$hZWJKAQNadyewKCKck5.dOx41N0DXCazcljxwmn8JLj1WhM/BoviW', 'USER', '151000001');
INSERT INTO user_app (id, password, role, account_id) VALUES ('152000001@gmail.com', '$2a$10$hZWJKAQNadyewKCKck5.dOx41N0DXCazcljxwmn8JLj1WhM/BoviW', 'USER', '152000001');
INSERT INTO user_app (id, password, role, account_id) VALUES ('153000001@gmail.com', '$2a$10$hZWJKAQNadyewKCKck5.dOx41N0DXCazcljxwmn8JLj1WhM/BoviW', 'USER', '153000001');
INSERT INTO user_app (id, password, role, account_id) VALUES ('157000001@gmail.com', '$2a$10$hZWJKAQNadyewKCKck5.dOx41N0DXCazcljxwmn8JLj1WhM/BoviW', 'USER', '157000001');
INSERT INTO user_app (id, password, role, account_id) VALUES ('161000001@gmail.com', '$2a$10$hZWJKAQNadyewKCKck5.dOx41N0DXCazcljxwmn8JLj1WhM/BoviW', 'USER', '161000001');
INSERT INTO user_app (id, password, role, account_id) VALUES ('162000001@gmail.com', '$2a$10$hZWJKAQNadyewKCKck5.dOx41N0DXCazcljxwmn8JLj1WhM/BoviW', 'USER', '162000001');
INSERT INTO user_app (id, password, role, account_id) VALUES ('164000001@gmail.com', '$2a$10$hZWJKAQNadyewKCKck5.dOx41N0DXCazcljxwmn8JLj1WhM/BoviW', 'USER', '164000001');
INSERT INTO user_app (id, password, role, account_id) VALUES ('166000001@gmail.com', '$2a$10$hZWJKAQNadyewKCKck5.dOx41N0DXCazcljxwmn8JLj1WhM/BoviW', 'USER', '166000001');
INSERT INTO user_app (id, password, role, account_id) VALUES ('167000001@gmail.com', '$2a$10$hZWJKAQNadyewKCKck5.dOx41N0DXCazcljxwmn8JLj1WhM/BoviW', 'USER', '167000001');
INSERT INTO user_app (id, password, role, account_id) VALUES ('200000001@gmail.com', '$2a$10$hZWJKAQNadyewKCKck5.dOx41N0DXCazcljxwmn8JLj1WhM/BoviW', 'USER', '200000001');
INSERT INTO user_app (id, password, role, account_id) VALUES ('212000001@gmail.com', '$2a$10$hZWJKAQNadyewKCKck5.dOx41N0DXCazcljxwmn8JLj1WhM/BoviW', 'USER', '212000001');
INSERT INTO user_app (id, password, role, account_id) VALUES ('213000001@gmail.com', '$2a$10$hZWJKAQNadyewKCKck5.dOx41N0DXCazcljxwmn8JLj1WhM/BoviW', 'USER', '213000001');
INSERT INTO user_app (id, password, role, account_id) VALUES ('405000001@gmail.com', '$2a$10$hZWJKAQNadyewKCKck5.dOx41N0DXCazcljxwmn8JLj1WhM/BoviW', 'USER', '405000001');
INSERT INTO user_app (id, password, role, account_id) VALUES ('422000001@gmail.com', '$2a$10$hZWJKAQNadyewKCKck5.dOx41N0DXCazcljxwmn8JLj1WhM/BoviW', 'USER', '422000001');
INSERT INTO user_app (id, password, role, account_id) VALUES ('425000001@gmail.com', '$2a$10$hZWJKAQNadyewKCKck5.dOx41N0DXCazcljxwmn8JLj1WhM/BoviW', 'USER', '425000001');
INSERT INTO user_app (id, password, role, account_id) VALUES ('426000001@gmail.com', '$2a$10$hZWJKAQNadyewKCKck5.dOx41N0DXCazcljxwmn8JLj1WhM/BoviW', 'USER', '426000001');
INSERT INTO user_app (id, password, role, account_id) VALUES ('427000001@gmail.com', '$2a$10$hZWJKAQNadyewKCKck5.dOx41N0DXCazcljxwmn8JLj1WhM/BoviW', 'USER', '427000001');
INSERT INTO user_app (id, password, role, account_id) VALUES ('441000001@gmail.com', '$2a$10$hZWJKAQNadyewKCKck5.dOx41N0DXCazcljxwmn8JLj1WhM/BoviW', 'USER', '441000001');
INSERT INTO user_app (id, password, role, account_id) VALUES ('451000001@gmail.com', '$2a$10$hZWJKAQNadyewKCKck5.dOx41N0DXCazcljxwmn8JLj1WhM/BoviW', 'USER', '451000001');
INSERT INTO user_app (id, password, role, account_id) VALUES ('459000001@gmail.com', '$2a$10$hZWJKAQNadyewKCKck5.dOx41N0DXCazcljxwmn8JLj1WhM/BoviW', 'USER', '459000001');
INSERT INTO user_app (id, password, role, account_id) VALUES ('466000001@gmail.com', '$2a$10$hZWJKAQNadyewKCKck5.dOx41N0DXCazcljxwmn8JLj1WhM/BoviW', 'USER', '466000001');
INSERT INTO user_app (id, password, role, account_id) VALUES ('472000001@gmail.com', '$2a$10$hZWJKAQNadyewKCKck5.dOx41N0DXCazcljxwmn8JLj1WhM/BoviW', 'USER', '472000001');
INSERT INTO user_app (id, password, role, account_id) VALUES ('484000001@gmail.com', '$2a$10$hZWJKAQNadyewKCKck5.dOx41N0DXCazcljxwmn8JLj1WhM/BoviW', 'USER', '484000001');
INSERT INTO user_app (id, password, role, account_id) VALUES ('485000001@gmail.com', '$2a$10$hZWJKAQNadyewKCKck5.dOx41N0DXCazcljxwmn8JLj1WhM/BoviW', 'USER', '485000001');
INSERT INTO user_app (id, password, role, account_id) VALUES ('490000001@gmail.com', '$2a$10$hZWJKAQNadyewKCKck5.dOx41N0DXCazcljxwmn8JLj1WhM/BoviW', 'USER', '490000001');
INSERT INTO user_app (id, password, role, account_id) VALUES ('494000001@gmail.com', '$2a$10$hZWJKAQNadyewKCKck5.dOx41N0DXCazcljxwmn8JLj1WhM/BoviW', 'USER', '494000001');
INSERT INTO user_app (id, password, role, account_id) VALUES ('498000001@gmail.com', '$2a$10$hZWJKAQNadyewKCKck5.dOx41N0DXCazcljxwmn8JLj1WhM/BoviW', 'USER', '498000001');
INSERT INTO user_app (id, password, role, account_id) VALUES ('501000001@gmail.com', '$2a$10$hZWJKAQNadyewKCKck5.dOx41N0DXCazcljxwmn8JLj1WhM/BoviW', 'USER', '501000001');
INSERT INTO user_app (id, password, role, account_id) VALUES ('503000001@gmail.com', '$2a$10$hZWJKAQNadyewKCKck5.dOx41N0DXCazcljxwmn8JLj1WhM/BoviW', 'USER', '503000001');
INSERT INTO user_app (id, password, role, account_id) VALUES ('506000001@gmail.com', '$2a$10$hZWJKAQNadyewKCKck5.dOx41N0DXCazcljxwmn8JLj1WhM/BoviW', 'USER', '506000001');
INSERT INTO user_app (id, password, role, account_id) VALUES ('513000001@gmail.com', '$2a$10$hZWJKAQNadyewKCKck5.dOx41N0DXCazcljxwmn8JLj1WhM/BoviW', 'USER', '513000001');
INSERT INTO user_app (id, password, role, account_id) VALUES ('517000001@gmail.com', '$2a$10$hZWJKAQNadyewKCKck5.dOx41N0DXCazcljxwmn8JLj1WhM/BoviW', 'USER', '517000001');
INSERT INTO user_app (id, password, role, account_id) VALUES ('520000001@gmail.com', '$2a$10$hZWJKAQNadyewKCKck5.dOx41N0DXCazcljxwmn8JLj1WhM/BoviW', 'USER', '520000001');
INSERT INTO user_app (id, password, role, account_id) VALUES ('521000001@gmail.com', '$2a$10$hZWJKAQNadyewKCKck5.dOx41N0DXCazcljxwmn8JLj1WhM/BoviW', 'USER', '521000001');
INSERT INTO user_app (id, password, role, account_id) VALUES ('523000001@gmail.com', '$2a$10$hZWJKAQNadyewKCKck5.dOx41N0DXCazcljxwmn8JLj1WhM/BoviW', 'USER', '523000001');
INSERT INTO user_app (id, password, role, account_id) VALUES ('525000001@gmail.com', '$2a$10$hZWJKAQNadyewKCKck5.dOx41N0DXCazcljxwmn8JLj1WhM/BoviW', 'USER', '525000001');
INSERT INTO user_app (id, password, role, account_id) VALUES ('526000001@gmail.com', '$2a$10$hZWJKAQNadyewKCKck5.dOx41N0DXCazcljxwmn8JLj1WhM/BoviW', 'USER', '526000001');
INSERT INTO user_app (id, password, role, account_id) VALUES ('531000001@gmail.com', '$2a$10$hZWJKAQNadyewKCKck5.dOx41N0DXCazcljxwmn8JLj1WhM/BoviW', 'USER', '531000001');
INSERT INTO user_app (id, password, role, account_id) VALUES ('535000001@gmail.com', '$2a$10$hZWJKAQNadyewKCKck5.dOx41N0DXCazcljxwmn8JLj1WhM/BoviW', 'USER', '535000001');
INSERT INTO user_app (id, password, role, account_id) VALUES ('536000001@gmail.com', '$2a$10$hZWJKAQNadyewKCKck5.dOx41N0DXCazcljxwmn8JLj1WhM/BoviW', 'USER', '536000001');
INSERT INTO user_app (id, password, role, account_id) VALUES ('542000001@gmail.com', '$2a$10$hZWJKAQNadyewKCKck5.dOx41N0DXCazcljxwmn8JLj1WhM/BoviW', 'USER', '542000001');
INSERT INTO user_app (id, password, role, account_id) VALUES ('547000001@gmail.com', '$2a$10$hZWJKAQNadyewKCKck5.dOx41N0DXCazcljxwmn8JLj1WhM/BoviW', 'USER', '547000001');
INSERT INTO user_app (id, password, role, account_id) VALUES ('548000001@gmail.com', '$2a$10$hZWJKAQNadyewKCKck5.dOx41N0DXCazcljxwmn8JLj1WhM/BoviW', 'USER', '548000001');
INSERT INTO user_app (id, password, role, account_id) VALUES ('553000001@gmail.com', '$2a$10$hZWJKAQNadyewKCKck5.dOx41N0DXCazcljxwmn8JLj1WhM/BoviW', 'USER', '553000001');
INSERT INTO user_app (id, password, role, account_id) VALUES ('555000001@gmail.com', '$2a$10$hZWJKAQNadyewKCKck5.dOx41N0DXCazcljxwmn8JLj1WhM/BoviW', 'USER', '555000001');
INSERT INTO user_app (id, password, role, account_id) VALUES ('559000001@gmail.com', '$2a$10$hZWJKAQNadyewKCKck5.dOx41N0DXCazcljxwmn8JLj1WhM/BoviW', 'USER', '559000001');
INSERT INTO user_app (id, password, role, account_id) VALUES ('562000001@gmail.com', '$2a$10$hZWJKAQNadyewKCKck5.dOx41N0DXCazcljxwmn8JLj1WhM/BoviW', 'USER', '562000001');
INSERT INTO user_app (id, password, role, account_id) VALUES ('564000001@gmail.com', '$2a$10$hZWJKAQNadyewKCKck5.dOx41N0DXCazcljxwmn8JLj1WhM/BoviW', 'USER', '564000001');
INSERT INTO user_app (id, password, role, account_id) VALUES ('566000001@gmail.com', '$2a$10$hZWJKAQNadyewKCKck5.dOx41N0DXCazcljxwmn8JLj1WhM/BoviW', 'USER', '566000001');
INSERT INTO user_app (id, password, role, account_id) VALUES ('567000001@gmail.com', '$2a$10$hZWJKAQNadyewKCKck5.dOx41N0DXCazcljxwmn8JLj1WhM/BoviW', 'USER', '567000001');
INSERT INTO user_app (id, password, role, account_id) VALUES ('688000001@gmail.com', '$2a$10$hZWJKAQNadyewKCKck5.dOx41N0DXCazcljxwmn8JLj1WhM/BoviW', 'USER', '688000001');
INSERT INTO user_app (id, password, role, account_id) VALUES ('945000001@gmail.com', '$2a$10$hZWJKAQNadyewKCKck5.dOx41N0DXCazcljxwmn8JLj1WhM/BoviW', 'USER', '945000001');
INSERT INTO user_app (id, password, role, account_id) VALUES ('946000001@gmail.com', '$2a$10$hZWJKAQNadyewKCKck5.dOx41N0DXCazcljxwmn8JLj1WhM/BoviW', 'USER', '946000001');
INSERT INTO user_app (id, password, role, account_id) VALUES ('947000001@gmail.com', '$2a$10$hZWJKAQNadyewKCKck5.dOx41N0DXCazcljxwmn8JLj1WhM/BoviW', 'USER', '947000001');
INSERT INTO user_app (id, password, role, account_id) VALUES ('949000001@gmail.com', '$2a$10$hZWJKAQNadyewKCKck5.dOx41N0DXCazcljxwmn8JLj1WhM/BoviW', 'USER', '949000001');
INSERT INTO user_app (id, password, role, account_id) VALUES ('950000001@gmail.com', '$2a$10$hZWJKAQNadyewKCKck5.dOx41N0DXCazcljxwmn8JLj1WhM/BoviW', 'USER', '950000001');

INSERT INTO user_app (id, password, role, account_id) VALUES ('002000002@gmail.com', '$2a$10$hZWJKAQNadyewKCKck5.dOx41N0DXCazcljxwmn8JLj1WhM/BoviW', 'USER', '002000002');
INSERT INTO user_app (id, password, role, account_id) VALUES ('003000002@gmail.com', '$2a$10$hZWJKAQNadyewKCKck5.dOx41N0DXCazcljxwmn8JLj1WhM/BoviW', 'USER', '003000002');
INSERT INTO user_app (id, password, role, account_id) VALUES ('008000002@gmail.com', '$2a$10$hZWJKAQNadyewKCKck5.dOx41N0DXCazcljxwmn8JLj1WhM/BoviW', 'USER', '008000002');
INSERT INTO user_app (id, password, role, account_id) VALUES ('009000002@gmail.com', '$2a$10$hZWJKAQNadyewKCKck5.dOx41N0DXCazcljxwmn8JLj1WhM/BoviW', 'USER', '009000002');
INSERT INTO user_app (id, password, role, account_id) VALUES ('011000002@gmail.com', '$2a$10$hZWJKAQNadyewKCKck5.dOx41N0DXCazcljxwmn8JLj1WhM/BoviW', 'USER', '011000002');
INSERT INTO user_app (id, password, role, account_id) VALUES ('013000002@gmail.com', '$2a$10$hZWJKAQNadyewKCKck5.dOx41N0DXCazcljxwmn8JLj1WhM/BoviW', 'USER', '013000002');
INSERT INTO user_app (id, password, role, account_id) VALUES ('014000002@gmail.com', '$2a$10$hZWJKAQNadyewKCKck5.dOx41N0DXCazcljxwmn8JLj1WhM/BoviW', 'USER', '014000002');
INSERT INTO user_app (id, password, role, account_id) VALUES ('016000002@gmail.com', '$2a$10$hZWJKAQNadyewKCKck5.dOx41N0DXCazcljxwmn8JLj1WhM/BoviW', 'USER', '016000002');
INSERT INTO user_app (id, password, role, account_id) VALUES ('019000002@gmail.com', '$2a$10$hZWJKAQNadyewKCKck5.dOx41N0DXCazcljxwmn8JLj1WhM/BoviW', 'USER', '019000002');
INSERT INTO user_app (id, password, role, account_id) VALUES ('020000002@gmail.com', '$2a$10$hZWJKAQNadyewKCKck5.dOx41N0DXCazcljxwmn8JLj1WhM/BoviW', 'USER', '020000002');
INSERT INTO user_app (id, password, role, account_id) VALUES ('022000002@gmail.com', '$2a$10$hZWJKAQNadyewKCKck5.dOx41N0DXCazcljxwmn8JLj1WhM/BoviW', 'USER', '022000002');
INSERT INTO user_app (id, password, role, account_id) VALUES ('023000002@gmail.com', '$2a$10$hZWJKAQNadyewKCKck5.dOx41N0DXCazcljxwmn8JLj1WhM/BoviW', 'USER', '023000002');
INSERT INTO user_app (id, password, role, account_id) VALUES ('028000002@gmail.com', '$2a$10$hZWJKAQNadyewKCKck5.dOx41N0DXCazcljxwmn8JLj1WhM/BoviW', 'USER', '028000002');
INSERT INTO user_app (id, password, role, account_id) VALUES ('030000002@gmail.com', '$2a$10$hZWJKAQNadyewKCKck5.dOx41N0DXCazcljxwmn8JLj1WhM/BoviW', 'USER', '030000002');
INSERT INTO user_app (id, password, role, account_id) VALUES ('031000002@gmail.com', '$2a$10$hZWJKAQNadyewKCKck5.dOx41N0DXCazcljxwmn8JLj1WhM/BoviW', 'USER', '031000002');
INSERT INTO user_app (id, password, role, account_id) VALUES ('032000002@gmail.com', '$2a$10$hZWJKAQNadyewKCKck5.dOx41N0DXCazcljxwmn8JLj1WhM/BoviW', 'USER', '032000002');
INSERT INTO user_app (id, password, role, account_id) VALUES ('033000002@gmail.com', '$2a$10$hZWJKAQNadyewKCKck5.dOx41N0DXCazcljxwmn8JLj1WhM/BoviW', 'USER', '033000002');
INSERT INTO user_app (id, password, role, account_id) VALUES ('034000002@gmail.com', '$2a$10$hZWJKAQNadyewKCKck5.dOx41N0DXCazcljxwmn8JLj1WhM/BoviW', 'USER', '034000002');
INSERT INTO user_app (id, password, role, account_id) VALUES ('036000002@gmail.com', '$2a$10$hZWJKAQNadyewKCKck5.dOx41N0DXCazcljxwmn8JLj1WhM/BoviW', 'USER', '036000002');
INSERT INTO user_app (id, password, role, account_id) VALUES ('037000002@gmail.com', '$2a$10$hZWJKAQNadyewKCKck5.dOx41N0DXCazcljxwmn8JLj1WhM/BoviW', 'USER', '037000002');
INSERT INTO user_app (id, password, role, account_id) VALUES ('039000002@gmail.com', '$2a$10$hZWJKAQNadyewKCKck5.dOx41N0DXCazcljxwmn8JLj1WhM/BoviW', 'USER', '039000002');
INSERT INTO user_app (id, password, role, account_id) VALUES ('040000002@gmail.com', '$2a$10$hZWJKAQNadyewKCKck5.dOx41N0DXCazcljxwmn8JLj1WhM/BoviW', 'USER', '040000002');
INSERT INTO user_app (id, password, role, account_id) VALUES ('041000002@gmail.com', '$2a$10$hZWJKAQNadyewKCKck5.dOx41N0DXCazcljxwmn8JLj1WhM/BoviW', 'USER', '041000002');
INSERT INTO user_app (id, password, role, account_id) VALUES ('042000002@gmail.com', '$2a$10$hZWJKAQNadyewKCKck5.dOx41N0DXCazcljxwmn8JLj1WhM/BoviW', 'USER', '042000002');
INSERT INTO user_app (id, password, role, account_id) VALUES ('046000002@gmail.com', '$2a$10$hZWJKAQNadyewKCKck5.dOx41N0DXCazcljxwmn8JLj1WhM/BoviW', 'USER', '046000002');
INSERT INTO user_app (id, password, role, account_id) VALUES ('047000002@gmail.com', '$2a$10$hZWJKAQNadyewKCKck5.dOx41N0DXCazcljxwmn8JLj1WhM/BoviW', 'USER', '047000002');
INSERT INTO user_app (id, password, role, account_id) VALUES ('048000002@gmail.com', '$2a$10$hZWJKAQNadyewKCKck5.dOx41N0DXCazcljxwmn8JLj1WhM/BoviW', 'USER', '048000002');
INSERT INTO user_app (id, password, role, account_id) VALUES ('050000002@gmail.com', '$2a$10$hZWJKAQNadyewKCKck5.dOx41N0DXCazcljxwmn8JLj1WhM/BoviW', 'USER', '050000002');
INSERT INTO user_app (id, password, role, account_id) VALUES ('053000002@gmail.com', '$2a$10$hZWJKAQNadyewKCKck5.dOx41N0DXCazcljxwmn8JLj1WhM/BoviW', 'USER', '053000002');
INSERT INTO user_app (id, password, role, account_id) VALUES ('054000002@gmail.com', '$2a$10$hZWJKAQNadyewKCKck5.dOx41N0DXCazcljxwmn8JLj1WhM/BoviW', 'USER', '054000002');
INSERT INTO user_app (id, password, role, account_id) VALUES ('057000002@gmail.com', '$2a$10$hZWJKAQNadyewKCKck5.dOx41N0DXCazcljxwmn8JLj1WhM/BoviW', 'USER', '057000002');
INSERT INTO user_app (id, password, role, account_id) VALUES ('059000002@gmail.com', '$2a$10$hZWJKAQNadyewKCKck5.dOx41N0DXCazcljxwmn8JLj1WhM/BoviW', 'USER', '059000002');
INSERT INTO user_app (id, password, role, account_id) VALUES ('061000002@gmail.com', '$2a$10$hZWJKAQNadyewKCKck5.dOx41N0DXCazcljxwmn8JLj1WhM/BoviW', 'USER', '061000002');
INSERT INTO user_app (id, password, role, account_id) VALUES ('067000002@gmail.com', '$2a$10$hZWJKAQNadyewKCKck5.dOx41N0DXCazcljxwmn8JLj1WhM/BoviW', 'USER', '067000002');
INSERT INTO user_app (id, password, role, account_id) VALUES ('069000002@gmail.com', '$2a$10$hZWJKAQNadyewKCKck5.dOx41N0DXCazcljxwmn8JLj1WhM/BoviW', 'USER', '069000002');
INSERT INTO user_app (id, password, role, account_id) VALUES ('076000002@gmail.com', '$2a$10$hZWJKAQNadyewKCKck5.dOx41N0DXCazcljxwmn8JLj1WhM/BoviW', 'USER', '076000002');
INSERT INTO user_app (id, password, role, account_id) VALUES ('087000002@gmail.com', '$2a$10$hZWJKAQNadyewKCKck5.dOx41N0DXCazcljxwmn8JLj1WhM/BoviW', 'USER', '087000002');
INSERT INTO user_app (id, password, role, account_id) VALUES ('095000002@gmail.com', '$2a$10$hZWJKAQNadyewKCKck5.dOx41N0DXCazcljxwmn8JLj1WhM/BoviW', 'USER', '095000002');
INSERT INTO user_app (id, password, role, account_id) VALUES ('097000002@gmail.com', '$2a$10$hZWJKAQNadyewKCKck5.dOx41N0DXCazcljxwmn8JLj1WhM/BoviW', 'USER', '097000002');
INSERT INTO user_app (id, password, role, account_id) VALUES ('110000002@gmail.com', '$2a$10$hZWJKAQNadyewKCKck5.dOx41N0DXCazcljxwmn8JLj1WhM/BoviW', 'USER', '110000002');
INSERT INTO user_app (id, password, role, account_id) VALUES ('111000002@gmail.com', '$2a$10$hZWJKAQNadyewKCKck5.dOx41N0DXCazcljxwmn8JLj1WhM/BoviW', 'USER', '111000002');
INSERT INTO user_app (id, password, role, account_id) VALUES ('112000002@gmail.com', '$2a$10$hZWJKAQNadyewKCKck5.dOx41N0DXCazcljxwmn8JLj1WhM/BoviW', 'USER', '112000002');
INSERT INTO user_app (id, password, role, account_id) VALUES ('113000002@gmail.com', '$2a$10$hZWJKAQNadyewKCKck5.dOx41N0DXCazcljxwmn8JLj1WhM/BoviW', 'USER', '113000002');
INSERT INTO user_app (id, password, role, account_id) VALUES ('114000002@gmail.com', '$2a$10$hZWJKAQNadyewKCKck5.dOx41N0DXCazcljxwmn8JLj1WhM/BoviW', 'USER', '114000002');
INSERT INTO user_app (id, password, role, account_id) VALUES ('115000002@gmail.com', '$2a$10$hZWJKAQNadyewKCKck5.dOx41N0DXCazcljxwmn8JLj1WhM/BoviW', 'USER', '115000002');
INSERT INTO user_app (id, password, role, account_id) VALUES ('116000002@gmail.com', '$2a$10$hZWJKAQNadyewKCKck5.dOx41N0DXCazcljxwmn8JLj1WhM/BoviW', 'USER', '116000002');
INSERT INTO user_app (id, password, role, account_id) VALUES ('117000002@gmail.com', '$2a$10$hZWJKAQNadyewKCKck5.dOx41N0DXCazcljxwmn8JLj1WhM/BoviW', 'USER', '117000002');
INSERT INTO user_app (id, password, role, account_id) VALUES ('118000002@gmail.com', '$2a$10$hZWJKAQNadyewKCKck5.dOx41N0DXCazcljxwmn8JLj1WhM/BoviW', 'USER', '118000002');
INSERT INTO user_app (id, password, role, account_id) VALUES ('119000002@gmail.com', '$2a$10$hZWJKAQNadyewKCKck5.dOx41N0DXCazcljxwmn8JLj1WhM/BoviW', 'USER', '119000002');
INSERT INTO user_app (id, password, role, account_id) VALUES ('120000002@gmail.com', '$2a$10$hZWJKAQNadyewKCKck5.dOx41N0DXCazcljxwmn8JLj1WhM/BoviW', 'USER', '120000002');
INSERT INTO user_app (id, password, role, account_id) VALUES ('121000002@gmail.com', '$2a$10$hZWJKAQNadyewKCKck5.dOx41N0DXCazcljxwmn8JLj1WhM/BoviW', 'USER', '121000002');
INSERT INTO user_app (id, password, role, account_id) VALUES ('122000002@gmail.com', '$2a$10$hZWJKAQNadyewKCKck5.dOx41N0DXCazcljxwmn8JLj1WhM/BoviW', 'USER', '122000002');
INSERT INTO user_app (id, password, role, account_id) VALUES ('123000002@gmail.com', '$2a$10$hZWJKAQNadyewKCKck5.dOx41N0DXCazcljxwmn8JLj1WhM/BoviW', 'USER', '123000002');
INSERT INTO user_app (id, password, role, account_id) VALUES ('124000002@gmail.com', '$2a$10$hZWJKAQNadyewKCKck5.dOx41N0DXCazcljxwmn8JLj1WhM/BoviW', 'USER', '124000002');
INSERT INTO user_app (id, password, role, account_id) VALUES ('125000002@gmail.com', '$2a$10$hZWJKAQNadyewKCKck5.dOx41N0DXCazcljxwmn8JLj1WhM/BoviW', 'USER', '125000002');
INSERT INTO user_app (id, password, role, account_id) VALUES ('126000002@gmail.com', '$2a$10$hZWJKAQNadyewKCKck5.dOx41N0DXCazcljxwmn8JLj1WhM/BoviW', 'USER', '126000002');
INSERT INTO user_app (id, password, role, account_id) VALUES ('127000002@gmail.com', '$2a$10$hZWJKAQNadyewKCKck5.dOx41N0DXCazcljxwmn8JLj1WhM/BoviW', 'USER', '127000002');
INSERT INTO user_app (id, password, role, account_id) VALUES ('128000002@gmail.com', '$2a$10$hZWJKAQNadyewKCKck5.dOx41N0DXCazcljxwmn8JLj1WhM/BoviW', 'USER', '128000002');
INSERT INTO user_app (id, password, role, account_id) VALUES ('129000002@gmail.com', '$2a$10$hZWJKAQNadyewKCKck5.dOx41N0DXCazcljxwmn8JLj1WhM/BoviW', 'USER', '129000002');
INSERT INTO user_app (id, password, role, account_id) VALUES ('130000002@gmail.com', '$2a$10$hZWJKAQNadyewKCKck5.dOx41N0DXCazcljxwmn8JLj1WhM/BoviW', 'USER', '130000002');
INSERT INTO user_app (id, password, role, account_id) VALUES ('131000002@gmail.com', '$2a$10$hZWJKAQNadyewKCKck5.dOx41N0DXCazcljxwmn8JLj1WhM/BoviW', 'USER', '131000002');
INSERT INTO user_app (id, password, role, account_id) VALUES ('132000002@gmail.com', '$2a$10$hZWJKAQNadyewKCKck5.dOx41N0DXCazcljxwmn8JLj1WhM/BoviW', 'USER', '132000002');
INSERT INTO user_app (id, password, role, account_id) VALUES ('133000002@gmail.com', '$2a$10$hZWJKAQNadyewKCKck5.dOx41N0DXCazcljxwmn8JLj1WhM/BoviW', 'USER', '133000002');
INSERT INTO user_app (id, password, role, account_id) VALUES ('134000002@gmail.com', '$2a$10$hZWJKAQNadyewKCKck5.dOx41N0DXCazcljxwmn8JLj1WhM/BoviW', 'USER', '134000002');
INSERT INTO user_app (id, password, role, account_id) VALUES ('135000002@gmail.com', '$2a$10$hZWJKAQNadyewKCKck5.dOx41N0DXCazcljxwmn8JLj1WhM/BoviW', 'USER', '135000002');
INSERT INTO user_app (id, password, role, account_id) VALUES ('145000002@gmail.com', '$2a$10$hZWJKAQNadyewKCKck5.dOx41N0DXCazcljxwmn8JLj1WhM/BoviW', 'USER', '145000002');
INSERT INTO user_app (id, password, role, account_id) VALUES ('146000002@gmail.com', '$2a$10$hZWJKAQNadyewKCKck5.dOx41N0DXCazcljxwmn8JLj1WhM/BoviW', 'USER', '146000002');
INSERT INTO user_app (id, password, role, account_id) VALUES ('147000002@gmail.com', '$2a$10$hZWJKAQNadyewKCKck5.dOx41N0DXCazcljxwmn8JLj1WhM/BoviW', 'USER', '147000002');
INSERT INTO user_app (id, password, role, account_id) VALUES ('151000002@gmail.com', '$2a$10$hZWJKAQNadyewKCKck5.dOx41N0DXCazcljxwmn8JLj1WhM/BoviW', 'USER', '151000002');
INSERT INTO user_app (id, password, role, account_id) VALUES ('152000002@gmail.com', '$2a$10$hZWJKAQNadyewKCKck5.dOx41N0DXCazcljxwmn8JLj1WhM/BoviW', 'USER', '152000002');
INSERT INTO user_app (id, password, role, account_id) VALUES ('153000002@gmail.com', '$2a$10$hZWJKAQNadyewKCKck5.dOx41N0DXCazcljxwmn8JLj1WhM/BoviW', 'USER', '153000002');
INSERT INTO user_app (id, password, role, account_id) VALUES ('157000002@gmail.com', '$2a$10$hZWJKAQNadyewKCKck5.dOx41N0DXCazcljxwmn8JLj1WhM/BoviW', 'USER', '157000002');
INSERT INTO user_app (id, password, role, account_id) VALUES ('161000002@gmail.com', '$2a$10$hZWJKAQNadyewKCKck5.dOx41N0DXCazcljxwmn8JLj1WhM/BoviW', 'USER', '161000002');
INSERT INTO user_app (id, password, role, account_id) VALUES ('162000002@gmail.com', '$2a$10$hZWJKAQNadyewKCKck5.dOx41N0DXCazcljxwmn8JLj1WhM/BoviW', 'USER', '162000002');
INSERT INTO user_app (id, password, role, account_id) VALUES ('164000002@gmail.com', '$2a$10$hZWJKAQNadyewKCKck5.dOx41N0DXCazcljxwmn8JLj1WhM/BoviW', 'USER', '164000002');
INSERT INTO user_app (id, password, role, account_id) VALUES ('166000002@gmail.com', '$2a$10$hZWJKAQNadyewKCKck5.dOx41N0DXCazcljxwmn8JLj1WhM/BoviW', 'USER', '166000002');
INSERT INTO user_app (id, password, role, account_id) VALUES ('167000002@gmail.com', '$2a$10$hZWJKAQNadyewKCKck5.dOx41N0DXCazcljxwmn8JLj1WhM/BoviW', 'USER', '167000002');
INSERT INTO user_app (id, password, role, account_id) VALUES ('200000002@gmail.com', '$2a$10$hZWJKAQNadyewKCKck5.dOx41N0DXCazcljxwmn8JLj1WhM/BoviW', 'USER', '200000002');
INSERT INTO user_app (id, password, role, account_id) VALUES ('212000002@gmail.com', '$2a$10$hZWJKAQNadyewKCKck5.dOx41N0DXCazcljxwmn8JLj1WhM/BoviW', 'USER', '212000002');
INSERT INTO user_app (id, password, role, account_id) VALUES ('213000002@gmail.com', '$2a$10$hZWJKAQNadyewKCKck5.dOx41N0DXCazcljxwmn8JLj1WhM/BoviW', 'USER', '213000002');
INSERT INTO user_app (id, password, role, account_id) VALUES ('405000002@gmail.com', '$2a$10$hZWJKAQNadyewKCKck5.dOx41N0DXCazcljxwmn8JLj1WhM/BoviW', 'USER', '405000002');
INSERT INTO user_app (id, password, role, account_id) VALUES ('422000002@gmail.com', '$2a$10$hZWJKAQNadyewKCKck5.dOx41N0DXCazcljxwmn8JLj1WhM/BoviW', 'USER', '422000002');
INSERT INTO user_app (id, password, role, account_id) VALUES ('425000002@gmail.com', '$2a$10$hZWJKAQNadyewKCKck5.dOx41N0DXCazcljxwmn8JLj1WhM/BoviW', 'USER', '425000002');
INSERT INTO user_app (id, password, role, account_id) VALUES ('426000002@gmail.com', '$2a$10$hZWJKAQNadyewKCKck5.dOx41N0DXCazcljxwmn8JLj1WhM/BoviW', 'USER', '426000002');
INSERT INTO user_app (id, password, role, account_id) VALUES ('427000002@gmail.com', '$2a$10$hZWJKAQNadyewKCKck5.dOx41N0DXCazcljxwmn8JLj1WhM/BoviW', 'USER', '427000002');
INSERT INTO user_app (id, password, role, account_id) VALUES ('441000002@gmail.com', '$2a$10$hZWJKAQNadyewKCKck5.dOx41N0DXCazcljxwmn8JLj1WhM/BoviW', 'USER', '441000002');
INSERT INTO user_app (id, password, role, account_id) VALUES ('451000002@gmail.com', '$2a$10$hZWJKAQNadyewKCKck5.dOx41N0DXCazcljxwmn8JLj1WhM/BoviW', 'USER', '451000002');
INSERT INTO user_app (id, password, role, account_id) VALUES ('459000002@gmail.com', '$2a$10$hZWJKAQNadyewKCKck5.dOx41N0DXCazcljxwmn8JLj1WhM/BoviW', 'USER', '459000002');
INSERT INTO user_app (id, password, role, account_id) VALUES ('466000002@gmail.com', '$2a$10$hZWJKAQNadyewKCKck5.dOx41N0DXCazcljxwmn8JLj1WhM/BoviW', 'USER', '466000002');
INSERT INTO user_app (id, password, role, account_id) VALUES ('472000002@gmail.com', '$2a$10$hZWJKAQNadyewKCKck5.dOx41N0DXCazcljxwmn8JLj1WhM/BoviW', 'USER', '472000002');
INSERT INTO user_app (id, password, role, account_id) VALUES ('484000002@gmail.com', '$2a$10$hZWJKAQNadyewKCKck5.dOx41N0DXCazcljxwmn8JLj1WhM/BoviW', 'USER', '484000002');
INSERT INTO user_app (id, password, role, account_id) VALUES ('485000002@gmail.com', '$2a$10$hZWJKAQNadyewKCKck5.dOx41N0DXCazcljxwmn8JLj1WhM/BoviW', 'USER', '485000002');
INSERT INTO user_app (id, password, role, account_id) VALUES ('490000002@gmail.com', '$2a$10$hZWJKAQNadyewKCKck5.dOx41N0DXCazcljxwmn8JLj1WhM/BoviW', 'USER', '490000002');
INSERT INTO user_app (id, password, role, account_id) VALUES ('494000002@gmail.com', '$2a$10$hZWJKAQNadyewKCKck5.dOx41N0DXCazcljxwmn8JLj1WhM/BoviW', 'USER', '494000002');
INSERT INTO user_app (id, password, role, account_id) VALUES ('498000002@gmail.com', '$2a$10$hZWJKAQNadyewKCKck5.dOx41N0DXCazcljxwmn8JLj1WhM/BoviW', 'USER', '498000002');
INSERT INTO user_app (id, password, role, account_id) VALUES ('501000002@gmail.com', '$2a$10$hZWJKAQNadyewKCKck5.dOx41N0DXCazcljxwmn8JLj1WhM/BoviW', 'USER', '501000002');
INSERT INTO user_app (id, password, role, account_id) VALUES ('503000002@gmail.com', '$2a$10$hZWJKAQNadyewKCKck5.dOx41N0DXCazcljxwmn8JLj1WhM/BoviW', 'USER', '503000002');
INSERT INTO user_app (id, password, role, account_id) VALUES ('506000002@gmail.com', '$2a$10$hZWJKAQNadyewKCKck5.dOx41N0DXCazcljxwmn8JLj1WhM/BoviW', 'USER', '506000002');
INSERT INTO user_app (id, password, role, account_id) VALUES ('513000002@gmail.com', '$2a$10$hZWJKAQNadyewKCKck5.dOx41N0DXCazcljxwmn8JLj1WhM/BoviW', 'USER', '513000002');
INSERT INTO user_app (id, password, role, account_id) VALUES ('517000002@gmail.com', '$2a$10$hZWJKAQNadyewKCKck5.dOx41N0DXCazcljxwmn8JLj1WhM/BoviW', 'USER', '517000002');
INSERT INTO user_app (id, password, role, account_id) VALUES ('520000002@gmail.com', '$2a$10$hZWJKAQNadyewKCKck5.dOx41N0DXCazcljxwmn8JLj1WhM/BoviW', 'USER', '520000002');
INSERT INTO user_app (id, password, role, account_id) VALUES ('521000002@gmail.com', '$2a$10$hZWJKAQNadyewKCKck5.dOx41N0DXCazcljxwmn8JLj1WhM/BoviW', 'USER', '521000002');
INSERT INTO user_app (id, password, role, account_id) VALUES ('523000002@gmail.com', '$2a$10$hZWJKAQNadyewKCKck5.dOx41N0DXCazcljxwmn8JLj1WhM/BoviW', 'USER', '523000002');
INSERT INTO user_app (id, password, role, account_id) VALUES ('525000002@gmail.com', '$2a$10$hZWJKAQNadyewKCKck5.dOx41N0DXCazcljxwmn8JLj1WhM/BoviW', 'USER', '525000002');
INSERT INTO user_app (id, password, role, account_id) VALUES ('526000002@gmail.com', '$2a$10$hZWJKAQNadyewKCKck5.dOx41N0DXCazcljxwmn8JLj1WhM/BoviW', 'USER', '526000002');
INSERT INTO user_app (id, password, role, account_id) VALUES ('531000002@gmail.com', '$2a$10$hZWJKAQNadyewKCKck5.dOx41N0DXCazcljxwmn8JLj1WhM/BoviW', 'USER', '531000002');
INSERT INTO user_app (id, password, role, account_id) VALUES ('535000002@gmail.com', '$2a$10$hZWJKAQNadyewKCKck5.dOx41N0DXCazcljxwmn8JLj1WhM/BoviW', 'USER', '535000002');
INSERT INTO user_app (id, password, role, account_id) VALUES ('536000002@gmail.com', '$2a$10$hZWJKAQNadyewKCKck5.dOx41N0DXCazcljxwmn8JLj1WhM/BoviW', 'USER', '536000002');
INSERT INTO user_app (id, password, role, account_id) VALUES ('542000002@gmail.com', '$2a$10$hZWJKAQNadyewKCKck5.dOx41N0DXCazcljxwmn8JLj1WhM/BoviW', 'USER', '542000002');
INSERT INTO user_app (id, password, role, account_id) VALUES ('547000002@gmail.com', '$2a$10$hZWJKAQNadyewKCKck5.dOx41N0DXCazcljxwmn8JLj1WhM/BoviW', 'USER', '547000002');
INSERT INTO user_app (id, password, role, account_id) VALUES ('548000002@gmail.com', '$2a$10$hZWJKAQNadyewKCKck5.dOx41N0DXCazcljxwmn8JLj1WhM/BoviW', 'USER', '548000002');
INSERT INTO user_app (id, password, role, account_id) VALUES ('553000002@gmail.com', '$2a$10$hZWJKAQNadyewKCKck5.dOx41N0DXCazcljxwmn8JLj1WhM/BoviW', 'USER', '553000002');
INSERT INTO user_app (id, password, role, account_id) VALUES ('555000002@gmail.com', '$2a$10$hZWJKAQNadyewKCKck5.dOx41N0DXCazcljxwmn8JLj1WhM/BoviW', 'USER', '555000002');
INSERT INTO user_app (id, password, role, account_id) VALUES ('559000002@gmail.com', '$2a$10$hZWJKAQNadyewKCKck5.dOx41N0DXCazcljxwmn8JLj1WhM/BoviW', 'USER', '559000002');
INSERT INTO user_app (id, password, role, account_id) VALUES ('562000002@gmail.com', '$2a$10$hZWJKAQNadyewKCKck5.dOx41N0DXCazcljxwmn8JLj1WhM/BoviW', 'USER', '562000002');
INSERT INTO user_app (id, password, role, account_id) VALUES ('564000002@gmail.com', '$2a$10$hZWJKAQNadyewKCKck5.dOx41N0DXCazcljxwmn8JLj1WhM/BoviW', 'USER', '564000002');
INSERT INTO user_app (id, password, role, account_id) VALUES ('566000002@gmail.com', '$2a$10$hZWJKAQNadyewKCKck5.dOx41N0DXCazcljxwmn8JLj1WhM/BoviW', 'USER', '566000002');
INSERT INTO user_app (id, password, role, account_id) VALUES ('567000002@gmail.com', '$2a$10$hZWJKAQNadyewKCKck5.dOx41N0DXCazcljxwmn8JLj1WhM/BoviW', 'USER', '567000002');
INSERT INTO user_app (id, password, role, account_id) VALUES ('688000002@gmail.com', '$2a$10$hZWJKAQNadyewKCKck5.dOx41N0DXCazcljxwmn8JLj1WhM/BoviW', 'USER', '688000002');
INSERT INTO user_app (id, password, role, account_id) VALUES ('945000002@gmail.com', '$2a$10$hZWJKAQNadyewKCKck5.dOx41N0DXCazcljxwmn8JLj1WhM/BoviW', 'USER', '945000002');
INSERT INTO user_app (id, password, role, account_id) VALUES ('946000002@gmail.com', '$2a$10$hZWJKAQNadyewKCKck5.dOx41N0DXCazcljxwmn8JLj1WhM/BoviW', 'USER', '946000002');
INSERT INTO user_app (id, password, role, account_id) VALUES ('947000002@gmail.com', '$2a$10$hZWJKAQNadyewKCKck5.dOx41N0DXCazcljxwmn8JLj1WhM/BoviW', 'USER', '947000002');
INSERT INTO user_app (id, password, role, account_id) VALUES ('949000002@gmail.com', '$2a$10$hZWJKAQNadyewKCKck5.dOx41N0DXCazcljxwmn8JLj1WhM/BoviW', 'USER', '949000002');
INSERT INTO user_app (id, password, role, account_id) VALUES ('950000002@gmail.com', '$2a$10$hZWJKAQNadyewKCKck5.dOx41N0DXCazcljxwmn8JLj1WhM/BoviW', 'USER', '950000002');

INSERT INTO user_app (id, password, role, account_id) VALUES ('002000003@gmail.com', '$2a$10$hZWJKAQNadyewKCKck5.dOx41N0DXCazcljxwmn8JLj1WhM/BoviW', 'USER', '002000003');
INSERT INTO user_app (id, password, role, account_id) VALUES ('003000003@gmail.com', '$2a$10$hZWJKAQNadyewKCKck5.dOx41N0DXCazcljxwmn8JLj1WhM/BoviW', 'USER', '003000003');
INSERT INTO user_app (id, password, role, account_id) VALUES ('008000003@gmail.com', '$2a$10$hZWJKAQNadyewKCKck5.dOx41N0DXCazcljxwmn8JLj1WhM/BoviW', 'USER', '008000003');
INSERT INTO user_app (id, password, role, account_id) VALUES ('009000003@gmail.com', '$2a$10$hZWJKAQNadyewKCKck5.dOx41N0DXCazcljxwmn8JLj1WhM/BoviW', 'USER', '009000003');
INSERT INTO user_app (id, password, role, account_id) VALUES ('011000003@gmail.com', '$2a$10$hZWJKAQNadyewKCKck5.dOx41N0DXCazcljxwmn8JLj1WhM/BoviW', 'USER', '011000003');
INSERT INTO user_app (id, password, role, account_id) VALUES ('013000003@gmail.com', '$2a$10$hZWJKAQNadyewKCKck5.dOx41N0DXCazcljxwmn8JLj1WhM/BoviW', 'USER', '013000003');
INSERT INTO user_app (id, password, role, account_id) VALUES ('014000003@gmail.com', '$2a$10$hZWJKAQNadyewKCKck5.dOx41N0DXCazcljxwmn8JLj1WhM/BoviW', 'USER', '014000003');
INSERT INTO user_app (id, password, role, account_id) VALUES ('016000003@gmail.com', '$2a$10$hZWJKAQNadyewKCKck5.dOx41N0DXCazcljxwmn8JLj1WhM/BoviW', 'USER', '016000003');
INSERT INTO user_app (id, password, role, account_id) VALUES ('019000003@gmail.com', '$2a$10$hZWJKAQNadyewKCKck5.dOx41N0DXCazcljxwmn8JLj1WhM/BoviW', 'USER', '019000003');
INSERT INTO user_app (id, password, role, account_id) VALUES ('020000003@gmail.com', '$2a$10$hZWJKAQNadyewKCKck5.dOx41N0DXCazcljxwmn8JLj1WhM/BoviW', 'USER', '020000003');
INSERT INTO user_app (id, password, role, account_id) VALUES ('022000003@gmail.com', '$2a$10$hZWJKAQNadyewKCKck5.dOx41N0DXCazcljxwmn8JLj1WhM/BoviW', 'USER', '022000003');
INSERT INTO user_app (id, password, role, account_id) VALUES ('023000003@gmail.com', '$2a$10$hZWJKAQNadyewKCKck5.dOx41N0DXCazcljxwmn8JLj1WhM/BoviW', 'USER', '023000003');
INSERT INTO user_app (id, password, role, account_id) VALUES ('028000003@gmail.com', '$2a$10$hZWJKAQNadyewKCKck5.dOx41N0DXCazcljxwmn8JLj1WhM/BoviW', 'USER', '028000003');
INSERT INTO user_app (id, password, role, account_id) VALUES ('030000003@gmail.com', '$2a$10$hZWJKAQNadyewKCKck5.dOx41N0DXCazcljxwmn8JLj1WhM/BoviW', 'USER', '030000003');
INSERT INTO user_app (id, password, role, account_id) VALUES ('031000003@gmail.com', '$2a$10$hZWJKAQNadyewKCKck5.dOx41N0DXCazcljxwmn8JLj1WhM/BoviW', 'USER', '031000003');
INSERT INTO user_app (id, password, role, account_id) VALUES ('032000003@gmail.com', '$2a$10$hZWJKAQNadyewKCKck5.dOx41N0DXCazcljxwmn8JLj1WhM/BoviW', 'USER', '032000003');
INSERT INTO user_app (id, password, role, account_id) VALUES ('033000003@gmail.com', '$2a$10$hZWJKAQNadyewKCKck5.dOx41N0DXCazcljxwmn8JLj1WhM/BoviW', 'USER', '033000003');
INSERT INTO user_app (id, password, role, account_id) VALUES ('034000003@gmail.com', '$2a$10$hZWJKAQNadyewKCKck5.dOx41N0DXCazcljxwmn8JLj1WhM/BoviW', 'USER', '034000003');
INSERT INTO user_app (id, password, role, account_id) VALUES ('036000003@gmail.com', '$2a$10$hZWJKAQNadyewKCKck5.dOx41N0DXCazcljxwmn8JLj1WhM/BoviW', 'USER', '036000003');
INSERT INTO user_app (id, password, role, account_id) VALUES ('037000003@gmail.com', '$2a$10$hZWJKAQNadyewKCKck5.dOx41N0DXCazcljxwmn8JLj1WhM/BoviW', 'USER', '037000003');
INSERT INTO user_app (id, password, role, account_id) VALUES ('039000003@gmail.com', '$2a$10$hZWJKAQNadyewKCKck5.dOx41N0DXCazcljxwmn8JLj1WhM/BoviW', 'USER', '039000003');
INSERT INTO user_app (id, password, role, account_id) VALUES ('040000003@gmail.com', '$2a$10$hZWJKAQNadyewKCKck5.dOx41N0DXCazcljxwmn8JLj1WhM/BoviW', 'USER', '040000003');
INSERT INTO user_app (id, password, role, account_id) VALUES ('041000003@gmail.com', '$2a$10$hZWJKAQNadyewKCKck5.dOx41N0DXCazcljxwmn8JLj1WhM/BoviW', 'USER', '041000003');
INSERT INTO user_app (id, password, role, account_id) VALUES ('042000003@gmail.com', '$2a$10$hZWJKAQNadyewKCKck5.dOx41N0DXCazcljxwmn8JLj1WhM/BoviW', 'USER', '042000003');
INSERT INTO user_app (id, password, role, account_id) VALUES ('046000003@gmail.com', '$2a$10$hZWJKAQNadyewKCKck5.dOx41N0DXCazcljxwmn8JLj1WhM/BoviW', 'USER', '046000003');
INSERT INTO user_app (id, password, role, account_id) VALUES ('047000003@gmail.com', '$2a$10$hZWJKAQNadyewKCKck5.dOx41N0DXCazcljxwmn8JLj1WhM/BoviW', 'USER', '047000003');
INSERT INTO user_app (id, password, role, account_id) VALUES ('048000003@gmail.com', '$2a$10$hZWJKAQNadyewKCKck5.dOx41N0DXCazcljxwmn8JLj1WhM/BoviW', 'USER', '048000003');
INSERT INTO user_app (id, password, role, account_id) VALUES ('050000003@gmail.com', '$2a$10$hZWJKAQNadyewKCKck5.dOx41N0DXCazcljxwmn8JLj1WhM/BoviW', 'USER', '050000003');
INSERT INTO user_app (id, password, role, account_id) VALUES ('053000003@gmail.com', '$2a$10$hZWJKAQNadyewKCKck5.dOx41N0DXCazcljxwmn8JLj1WhM/BoviW', 'USER', '053000003');
INSERT INTO user_app (id, password, role, account_id) VALUES ('054000003@gmail.com', '$2a$10$hZWJKAQNadyewKCKck5.dOx41N0DXCazcljxwmn8JLj1WhM/BoviW', 'USER', '054000003');
INSERT INTO user_app (id, password, role, account_id) VALUES ('057000003@gmail.com', '$2a$10$hZWJKAQNadyewKCKck5.dOx41N0DXCazcljxwmn8JLj1WhM/BoviW', 'USER', '057000003');
INSERT INTO user_app (id, password, role, account_id) VALUES ('059000003@gmail.com', '$2a$10$hZWJKAQNadyewKCKck5.dOx41N0DXCazcljxwmn8JLj1WhM/BoviW', 'USER', '059000003');
INSERT INTO user_app (id, password, role, account_id) VALUES ('061000003@gmail.com', '$2a$10$hZWJKAQNadyewKCKck5.dOx41N0DXCazcljxwmn8JLj1WhM/BoviW', 'USER', '061000003');
INSERT INTO user_app (id, password, role, account_id) VALUES ('067000003@gmail.com', '$2a$10$hZWJKAQNadyewKCKck5.dOx41N0DXCazcljxwmn8JLj1WhM/BoviW', 'USER', '067000003');
INSERT INTO user_app (id, password, role, account_id) VALUES ('069000003@gmail.com', '$2a$10$hZWJKAQNadyewKCKck5.dOx41N0DXCazcljxwmn8JLj1WhM/BoviW', 'USER', '069000003');
INSERT INTO user_app (id, password, role, account_id) VALUES ('076000003@gmail.com', '$2a$10$hZWJKAQNadyewKCKck5.dOx41N0DXCazcljxwmn8JLj1WhM/BoviW', 'USER', '076000003');
INSERT INTO user_app (id, password, role, account_id) VALUES ('087000003@gmail.com', '$2a$10$hZWJKAQNadyewKCKck5.dOx41N0DXCazcljxwmn8JLj1WhM/BoviW', 'USER', '087000003');
INSERT INTO user_app (id, password, role, account_id) VALUES ('095000003@gmail.com', '$2a$10$hZWJKAQNadyewKCKck5.dOx41N0DXCazcljxwmn8JLj1WhM/BoviW', 'USER', '095000003');
INSERT INTO user_app (id, password, role, account_id) VALUES ('097000003@gmail.com', '$2a$10$hZWJKAQNadyewKCKck5.dOx41N0DXCazcljxwmn8JLj1WhM/BoviW', 'USER', '097000003');
INSERT INTO user_app (id, password, role, account_id) VALUES ('110000003@gmail.com', '$2a$10$hZWJKAQNadyewKCKck5.dOx41N0DXCazcljxwmn8JLj1WhM/BoviW', 'USER', '110000003');
INSERT INTO user_app (id, password, role, account_id) VALUES ('111000003@gmail.com', '$2a$10$hZWJKAQNadyewKCKck5.dOx41N0DXCazcljxwmn8JLj1WhM/BoviW', 'USER', '111000003');
INSERT INTO user_app (id, password, role, account_id) VALUES ('112000003@gmail.com', '$2a$10$hZWJKAQNadyewKCKck5.dOx41N0DXCazcljxwmn8JLj1WhM/BoviW', 'USER', '112000003');
INSERT INTO user_app (id, password, role, account_id) VALUES ('113000003@gmail.com', '$2a$10$hZWJKAQNadyewKCKck5.dOx41N0DXCazcljxwmn8JLj1WhM/BoviW', 'USER', '113000003');
INSERT INTO user_app (id, password, role, account_id) VALUES ('114000003@gmail.com', '$2a$10$hZWJKAQNadyewKCKck5.dOx41N0DXCazcljxwmn8JLj1WhM/BoviW', 'USER', '114000003');
INSERT INTO user_app (id, password, role, account_id) VALUES ('115000003@gmail.com', '$2a$10$hZWJKAQNadyewKCKck5.dOx41N0DXCazcljxwmn8JLj1WhM/BoviW', 'USER', '115000003');
INSERT INTO user_app (id, password, role, account_id) VALUES ('116000003@gmail.com', '$2a$10$hZWJKAQNadyewKCKck5.dOx41N0DXCazcljxwmn8JLj1WhM/BoviW', 'USER', '116000003');
INSERT INTO user_app (id, password, role, account_id) VALUES ('117000003@gmail.com', '$2a$10$hZWJKAQNadyewKCKck5.dOx41N0DXCazcljxwmn8JLj1WhM/BoviW', 'USER', '117000003');
INSERT INTO user_app (id, password, role, account_id) VALUES ('118000003@gmail.com', '$2a$10$hZWJKAQNadyewKCKck5.dOx41N0DXCazcljxwmn8JLj1WhM/BoviW', 'USER', '118000003');
INSERT INTO user_app (id, password, role, account_id) VALUES ('119000003@gmail.com', '$2a$10$hZWJKAQNadyewKCKck5.dOx41N0DXCazcljxwmn8JLj1WhM/BoviW', 'USER', '119000003');
INSERT INTO user_app (id, password, role, account_id) VALUES ('120000003@gmail.com', '$2a$10$hZWJKAQNadyewKCKck5.dOx41N0DXCazcljxwmn8JLj1WhM/BoviW', 'USER', '120000003');
INSERT INTO user_app (id, password, role, account_id) VALUES ('121000003@gmail.com', '$2a$10$hZWJKAQNadyewKCKck5.dOx41N0DXCazcljxwmn8JLj1WhM/BoviW', 'USER', '121000003');
INSERT INTO user_app (id, password, role, account_id) VALUES ('122000003@gmail.com', '$2a$10$hZWJKAQNadyewKCKck5.dOx41N0DXCazcljxwmn8JLj1WhM/BoviW', 'USER', '122000003');
INSERT INTO user_app (id, password, role, account_id) VALUES ('123000003@gmail.com', '$2a$10$hZWJKAQNadyewKCKck5.dOx41N0DXCazcljxwmn8JLj1WhM/BoviW', 'USER', '123000003');
INSERT INTO user_app (id, password, role, account_id) VALUES ('124000003@gmail.com', '$2a$10$hZWJKAQNadyewKCKck5.dOx41N0DXCazcljxwmn8JLj1WhM/BoviW', 'USER', '124000003');
INSERT INTO user_app (id, password, role, account_id) VALUES ('125000003@gmail.com', '$2a$10$hZWJKAQNadyewKCKck5.dOx41N0DXCazcljxwmn8JLj1WhM/BoviW', 'USER', '125000003');
INSERT INTO user_app (id, password, role, account_id) VALUES ('126000003@gmail.com', '$2a$10$hZWJKAQNadyewKCKck5.dOx41N0DXCazcljxwmn8JLj1WhM/BoviW', 'USER', '126000003');
INSERT INTO user_app (id, password, role, account_id) VALUES ('127000003@gmail.com', '$2a$10$hZWJKAQNadyewKCKck5.dOx41N0DXCazcljxwmn8JLj1WhM/BoviW', 'USER', '127000003');
INSERT INTO user_app (id, password, role, account_id) VALUES ('128000003@gmail.com', '$2a$10$hZWJKAQNadyewKCKck5.dOx41N0DXCazcljxwmn8JLj1WhM/BoviW', 'USER', '128000003');
INSERT INTO user_app (id, password, role, account_id) VALUES ('129000003@gmail.com', '$2a$10$hZWJKAQNadyewKCKck5.dOx41N0DXCazcljxwmn8JLj1WhM/BoviW', 'USER', '129000003');
INSERT INTO user_app (id, password, role, account_id) VALUES ('130000003@gmail.com', '$2a$10$hZWJKAQNadyewKCKck5.dOx41N0DXCazcljxwmn8JLj1WhM/BoviW', 'USER', '130000003');
INSERT INTO user_app (id, password, role, account_id) VALUES ('131000003@gmail.com', '$2a$10$hZWJKAQNadyewKCKck5.dOx41N0DXCazcljxwmn8JLj1WhM/BoviW', 'USER', '131000003');
INSERT INTO user_app (id, password, role, account_id) VALUES ('132000003@gmail.com', '$2a$10$hZWJKAQNadyewKCKck5.dOx41N0DXCazcljxwmn8JLj1WhM/BoviW', 'USER', '132000003');
INSERT INTO user_app (id, password, role, account_id) VALUES ('133000003@gmail.com', '$2a$10$hZWJKAQNadyewKCKck5.dOx41N0DXCazcljxwmn8JLj1WhM/BoviW', 'USER', '133000003');
INSERT INTO user_app (id, password, role, account_id) VALUES ('134000003@gmail.com', '$2a$10$hZWJKAQNadyewKCKck5.dOx41N0DXCazcljxwmn8JLj1WhM/BoviW', 'USER', '134000003');
INSERT INTO user_app (id, password, role, account_id) VALUES ('135000003@gmail.com', '$2a$10$hZWJKAQNadyewKCKck5.dOx41N0DXCazcljxwmn8JLj1WhM/BoviW', 'USER', '135000003');
INSERT INTO user_app (id, password, role, account_id) VALUES ('145000003@gmail.com', '$2a$10$hZWJKAQNadyewKCKck5.dOx41N0DXCazcljxwmn8JLj1WhM/BoviW', 'USER', '145000003');
INSERT INTO user_app (id, password, role, account_id) VALUES ('146000003@gmail.com', '$2a$10$hZWJKAQNadyewKCKck5.dOx41N0DXCazcljxwmn8JLj1WhM/BoviW', 'USER', '146000003');
INSERT INTO user_app (id, password, role, account_id) VALUES ('147000003@gmail.com', '$2a$10$hZWJKAQNadyewKCKck5.dOx41N0DXCazcljxwmn8JLj1WhM/BoviW', 'USER', '147000003');
INSERT INTO user_app (id, password, role, account_id) VALUES ('151000003@gmail.com', '$2a$10$hZWJKAQNadyewKCKck5.dOx41N0DXCazcljxwmn8JLj1WhM/BoviW', 'USER', '151000003');
INSERT INTO user_app (id, password, role, account_id) VALUES ('152000003@gmail.com', '$2a$10$hZWJKAQNadyewKCKck5.dOx41N0DXCazcljxwmn8JLj1WhM/BoviW', 'USER', '152000003');
INSERT INTO user_app (id, password, role, account_id) VALUES ('153000003@gmail.com', '$2a$10$hZWJKAQNadyewKCKck5.dOx41N0DXCazcljxwmn8JLj1WhM/BoviW', 'USER', '153000003');
INSERT INTO user_app (id, password, role, account_id) VALUES ('157000003@gmail.com', '$2a$10$hZWJKAQNadyewKCKck5.dOx41N0DXCazcljxwmn8JLj1WhM/BoviW', 'USER', '157000003');
INSERT INTO user_app (id, password, role, account_id) VALUES ('161000003@gmail.com', '$2a$10$hZWJKAQNadyewKCKck5.dOx41N0DXCazcljxwmn8JLj1WhM/BoviW', 'USER', '161000003');
INSERT INTO user_app (id, password, role, account_id) VALUES ('162000003@gmail.com', '$2a$10$hZWJKAQNadyewKCKck5.dOx41N0DXCazcljxwmn8JLj1WhM/BoviW', 'USER', '162000003');
INSERT INTO user_app (id, password, role, account_id) VALUES ('164000003@gmail.com', '$2a$10$hZWJKAQNadyewKCKck5.dOx41N0DXCazcljxwmn8JLj1WhM/BoviW', 'USER', '164000003');
INSERT INTO user_app (id, password, role, account_id) VALUES ('166000003@gmail.com', '$2a$10$hZWJKAQNadyewKCKck5.dOx41N0DXCazcljxwmn8JLj1WhM/BoviW', 'USER', '166000003');
INSERT INTO user_app (id, password, role, account_id) VALUES ('167000003@gmail.com', '$2a$10$hZWJKAQNadyewKCKck5.dOx41N0DXCazcljxwmn8JLj1WhM/BoviW', 'USER', '167000003');
INSERT INTO user_app (id, password, role, account_id) VALUES ('200000003@gmail.com', '$2a$10$hZWJKAQNadyewKCKck5.dOx41N0DXCazcljxwmn8JLj1WhM/BoviW', 'USER', '200000003');
INSERT INTO user_app (id, password, role, account_id) VALUES ('212000003@gmail.com', '$2a$10$hZWJKAQNadyewKCKck5.dOx41N0DXCazcljxwmn8JLj1WhM/BoviW', 'USER', '212000003');
INSERT INTO user_app (id, password, role, account_id) VALUES ('213000003@gmail.com', '$2a$10$hZWJKAQNadyewKCKck5.dOx41N0DXCazcljxwmn8JLj1WhM/BoviW', 'USER', '213000003');
INSERT INTO user_app (id, password, role, account_id) VALUES ('405000003@gmail.com', '$2a$10$hZWJKAQNadyewKCKck5.dOx41N0DXCazcljxwmn8JLj1WhM/BoviW', 'USER', '405000003');
INSERT INTO user_app (id, password, role, account_id) VALUES ('422000003@gmail.com', '$2a$10$hZWJKAQNadyewKCKck5.dOx41N0DXCazcljxwmn8JLj1WhM/BoviW', 'USER', '422000003');
INSERT INTO user_app (id, password, role, account_id) VALUES ('425000003@gmail.com', '$2a$10$hZWJKAQNadyewKCKck5.dOx41N0DXCazcljxwmn8JLj1WhM/BoviW', 'USER', '425000003');
INSERT INTO user_app (id, password, role, account_id) VALUES ('426000003@gmail.com', '$2a$10$hZWJKAQNadyewKCKck5.dOx41N0DXCazcljxwmn8JLj1WhM/BoviW', 'USER', '426000003');
INSERT INTO user_app (id, password, role, account_id) VALUES ('427000003@gmail.com', '$2a$10$hZWJKAQNadyewKCKck5.dOx41N0DXCazcljxwmn8JLj1WhM/BoviW', 'USER', '427000003');
INSERT INTO user_app (id, password, role, account_id) VALUES ('441000003@gmail.com', '$2a$10$hZWJKAQNadyewKCKck5.dOx41N0DXCazcljxwmn8JLj1WhM/BoviW', 'USER', '441000003');
INSERT INTO user_app (id, password, role, account_id) VALUES ('451000003@gmail.com', '$2a$10$hZWJKAQNadyewKCKck5.dOx41N0DXCazcljxwmn8JLj1WhM/BoviW', 'USER', '451000003');
INSERT INTO user_app (id, password, role, account_id) VALUES ('459000003@gmail.com', '$2a$10$hZWJKAQNadyewKCKck5.dOx41N0DXCazcljxwmn8JLj1WhM/BoviW', 'USER', '459000003');
INSERT INTO user_app (id, password, role, account_id) VALUES ('466000003@gmail.com', '$2a$10$hZWJKAQNadyewKCKck5.dOx41N0DXCazcljxwmn8JLj1WhM/BoviW', 'USER', '466000003');
INSERT INTO user_app (id, password, role, account_id) VALUES ('472000003@gmail.com', '$2a$10$hZWJKAQNadyewKCKck5.dOx41N0DXCazcljxwmn8JLj1WhM/BoviW', 'USER', '472000003');
INSERT INTO user_app (id, password, role, account_id) VALUES ('484000003@gmail.com', '$2a$10$hZWJKAQNadyewKCKck5.dOx41N0DXCazcljxwmn8JLj1WhM/BoviW', 'USER', '484000003');
INSERT INTO user_app (id, password, role, account_id) VALUES ('485000003@gmail.com', '$2a$10$hZWJKAQNadyewKCKck5.dOx41N0DXCazcljxwmn8JLj1WhM/BoviW', 'USER', '485000003');
INSERT INTO user_app (id, password, role, account_id) VALUES ('490000003@gmail.com', '$2a$10$hZWJKAQNadyewKCKck5.dOx41N0DXCazcljxwmn8JLj1WhM/BoviW', 'USER', '490000003');
INSERT INTO user_app (id, password, role, account_id) VALUES ('494000003@gmail.com', '$2a$10$hZWJKAQNadyewKCKck5.dOx41N0DXCazcljxwmn8JLj1WhM/BoviW', 'USER', '494000003');
INSERT INTO user_app (id, password, role, account_id) VALUES ('498000003@gmail.com', '$2a$10$hZWJKAQNadyewKCKck5.dOx41N0DXCazcljxwmn8JLj1WhM/BoviW', 'USER', '498000003');
INSERT INTO user_app (id, password, role, account_id) VALUES ('501000003@gmail.com', '$2a$10$hZWJKAQNadyewKCKck5.dOx41N0DXCazcljxwmn8JLj1WhM/BoviW', 'USER', '501000003');
INSERT INTO user_app (id, password, role, account_id) VALUES ('503000003@gmail.com', '$2a$10$hZWJKAQNadyewKCKck5.dOx41N0DXCazcljxwmn8JLj1WhM/BoviW', 'USER', '503000003');
INSERT INTO user_app (id, password, role, account_id) VALUES ('506000003@gmail.com', '$2a$10$hZWJKAQNadyewKCKck5.dOx41N0DXCazcljxwmn8JLj1WhM/BoviW', 'USER', '506000003');
INSERT INTO user_app (id, password, role, account_id) VALUES ('513000003@gmail.com', '$2a$10$hZWJKAQNadyewKCKck5.dOx41N0DXCazcljxwmn8JLj1WhM/BoviW', 'USER', '513000003');
INSERT INTO user_app (id, password, role, account_id) VALUES ('517000003@gmail.com', '$2a$10$hZWJKAQNadyewKCKck5.dOx41N0DXCazcljxwmn8JLj1WhM/BoviW', 'USER', '517000003');
INSERT INTO user_app (id, password, role, account_id) VALUES ('520000003@gmail.com', '$2a$10$hZWJKAQNadyewKCKck5.dOx41N0DXCazcljxwmn8JLj1WhM/BoviW', 'USER', '520000003');
INSERT INTO user_app (id, password, role, account_id) VALUES ('521000003@gmail.com', '$2a$10$hZWJKAQNadyewKCKck5.dOx41N0DXCazcljxwmn8JLj1WhM/BoviW', 'USER', '521000003');
INSERT INTO user_app (id, password, role, account_id) VALUES ('523000003@gmail.com', '$2a$10$hZWJKAQNadyewKCKck5.dOx41N0DXCazcljxwmn8JLj1WhM/BoviW', 'USER', '523000003');
INSERT INTO user_app (id, password, role, account_id) VALUES ('525000003@gmail.com', '$2a$10$hZWJKAQNadyewKCKck5.dOx41N0DXCazcljxwmn8JLj1WhM/BoviW', 'USER', '525000003');
INSERT INTO user_app (id, password, role, account_id) VALUES ('526000003@gmail.com', '$2a$10$hZWJKAQNadyewKCKck5.dOx41N0DXCazcljxwmn8JLj1WhM/BoviW', 'USER', '526000003');
INSERT INTO user_app (id, password, role, account_id) VALUES ('531000003@gmail.com', '$2a$10$hZWJKAQNadyewKCKck5.dOx41N0DXCazcljxwmn8JLj1WhM/BoviW', 'USER', '531000003');
INSERT INTO user_app (id, password, role, account_id) VALUES ('535000003@gmail.com', '$2a$10$hZWJKAQNadyewKCKck5.dOx41N0DXCazcljxwmn8JLj1WhM/BoviW', 'USER', '535000003');
INSERT INTO user_app (id, password, role, account_id) VALUES ('536000003@gmail.com', '$2a$10$hZWJKAQNadyewKCKck5.dOx41N0DXCazcljxwmn8JLj1WhM/BoviW', 'USER', '536000003');
INSERT INTO user_app (id, password, role, account_id) VALUES ('542000003@gmail.com', '$2a$10$hZWJKAQNadyewKCKck5.dOx41N0DXCazcljxwmn8JLj1WhM/BoviW', 'USER', '542000003');
INSERT INTO user_app (id, password, role, account_id) VALUES ('547000003@gmail.com', '$2a$10$hZWJKAQNadyewKCKck5.dOx41N0DXCazcljxwmn8JLj1WhM/BoviW', 'USER', '547000003');
INSERT INTO user_app (id, password, role, account_id) VALUES ('548000003@gmail.com', '$2a$10$hZWJKAQNadyewKCKck5.dOx41N0DXCazcljxwmn8JLj1WhM/BoviW', 'USER', '548000003');
INSERT INTO user_app (id, password, role, account_id) VALUES ('553000003@gmail.com', '$2a$10$hZWJKAQNadyewKCKck5.dOx41N0DXCazcljxwmn8JLj1WhM/BoviW', 'USER', '553000003');
INSERT INTO user_app (id, password, role, account_id) VALUES ('555000003@gmail.com', '$2a$10$hZWJKAQNadyewKCKck5.dOx41N0DXCazcljxwmn8JLj1WhM/BoviW', 'USER', '555000003');
INSERT INTO user_app (id, password, role, account_id) VALUES ('559000003@gmail.com', '$2a$10$hZWJKAQNadyewKCKck5.dOx41N0DXCazcljxwmn8JLj1WhM/BoviW', 'USER', '559000003');
INSERT INTO user_app (id, password, role, account_id) VALUES ('562000003@gmail.com', '$2a$10$hZWJKAQNadyewKCKck5.dOx41N0DXCazcljxwmn8JLj1WhM/BoviW', 'USER', '562000003');
INSERT INTO user_app (id, password, role, account_id) VALUES ('564000003@gmail.com', '$2a$10$hZWJKAQNadyewKCKck5.dOx41N0DXCazcljxwmn8JLj1WhM/BoviW', 'USER', '564000003');
INSERT INTO user_app (id, password, role, account_id) VALUES ('566000003@gmail.com', '$2a$10$hZWJKAQNadyewKCKck5.dOx41N0DXCazcljxwmn8JLj1WhM/BoviW', 'USER', '566000003');
INSERT INTO user_app (id, password, role, account_id) VALUES ('567000003@gmail.com', '$2a$10$hZWJKAQNadyewKCKck5.dOx41N0DXCazcljxwmn8JLj1WhM/BoviW', 'USER', '567000003');
INSERT INTO user_app (id, password, role, account_id) VALUES ('688000003@gmail.com', '$2a$10$hZWJKAQNadyewKCKck5.dOx41N0DXCazcljxwmn8JLj1WhM/BoviW', 'USER', '688000003');
INSERT INTO user_app (id, password, role, account_id) VALUES ('945000003@gmail.com', '$2a$10$hZWJKAQNadyewKCKck5.dOx41N0DXCazcljxwmn8JLj1WhM/BoviW', 'USER', '945000003');
INSERT INTO user_app (id, password, role, account_id) VALUES ('946000003@gmail.com', '$2a$10$hZWJKAQNadyewKCKck5.dOx41N0DXCazcljxwmn8JLj1WhM/BoviW', 'USER', '946000003');
INSERT INTO user_app (id, password, role, account_id) VALUES ('947000003@gmail.com', '$2a$10$hZWJKAQNadyewKCKck5.dOx41N0DXCazcljxwmn8JLj1WhM/BoviW', 'USER', '947000003');
INSERT INTO user_app (id, password, role, account_id) VALUES ('949000003@gmail.com', '$2a$10$hZWJKAQNadyewKCKck5.dOx41N0DXCazcljxwmn8JLj1WhM/BoviW', 'USER', '949000003');
INSERT INTO user_app (id, password, role, account_id) VALUES ('950000003@gmail.com', '$2a$10$hZWJKAQNadyewKCKck5.dOx41N0DXCazcljxwmn8JLj1WhM/BoviW', 'USER', '950000003');